datetime,temp,on_sec(s),power(%),P,I,D,PID
20230910 06:17:10,40.562,5,1,24.563000000000002,0,0,0.0
20230910 06:17:15,40.562,5,1,24.438000000000002,0,0,0.0
20230910 06:17:20,40.625,5,1,24.438000000000002,0,0,0.0
20230910 06:17:26,40.687,5,1,24.375,0,0,0.0
20230910 06:17:32,40.75,5,1,24.25,0,0,0.0
20230910 06:17:37,40.812,5,1,24.25,0,0,0.0
20230910 06:17:42,40.875,5,1,24.188000000000002,0,0,0.0
20230910 06:17:47,40.937,5,1,24.125,0,0,0.0
20230910 06:17:52,41.0,5,1,24.063000000000002,0,0,0.0
20230910 06:17:57,41.062,5,1,24.0,0,0,0.0
20230910 06:18:02,41.125,5,1,23.938000000000002,0,0,0.0
20230910 06:18:07,41.187,5,1,23.875,0,0,0.0
20230910 06:18:12,41.25,5,1,23.813000000000002,0,0,0.0
20230910 06:18:17,41.312,5,1,23.75,0,0,0.0
20230910 06:18:22,41.375,5,1,23.688000000000002,0,0,0.0
20230910 06:18:27,41.437,5,1,23.625,0,0,0.0
20230910 06:18:35,41.5,5,1,23.5,0,0,0.0
20230910 06:18:40,41.562,5,1,23.5,0,0,0.0
20230910 06:18:45,41.625,5,1,23.438000000000002,0,0,0.0
20230910 06:18:50,41.687,5,1,23.375,0,0,0.0
20230910 06:18:55,41.75,5,1,23.313000000000002,0,0,0.0
20230910 06:19:00,41.812,5,1,23.25,0,0,0.0
20230910 06:19:05,41.875,5,1,23.188000000000002,0,0,0.0
20230910 06:19:10,41.937,5,1,23.125,0,0,0.0
20230910 06:19:15,41.937,5,1,23.063000000000002,0,0,0.0
20230910 06:19:20,41.937,5,1,23.063000000000002,0,0,0.0
20230910 06:19:25,42.125,5,1,23.063000000000002,0,0,0.0
20230910 06:19:30,42.187,5,1,22.875,0,0,0.0
20230910 06:19:35,42.187,5,1,22.813000000000002,0,0,0.0
20230910 06:19:41,42.187,5,1,22.813000000000002,0,0,0.0
20230910 06:19:46,42.25,5,1,22.813000000000002,0,0,0.0
20230910 06:19:51,42.375,5,1,22.75,0,0,0.0
20230910 06:19:57,42.437,5,1,22.563000000000002,0,0,0.0
20230910 06:20:02,42.5,5,1,22.563000000000002,0,0,0.0
20230910 06:20:07,42.562,5,1,22.5,0,0,0.0
20230910 06:20:12,42.625,5,1,22.438000000000002,0,0,0.0
20230910 06:20:17,42.687,5,1,22.375,0,0,0.0
20230910 06:20:22,42.75,5,1,22.313000000000002,0,0,0.0
20230910 06:20:27,42.875,5,1,22.25,0,0,0.0
20230910 06:20:34,42.875,5,1,22.125,0,0,0.0
20230910 06:20:39,42.937,5,1,22.125,0,0,0.0
20230910 06:20:44,43.0,5,1,22.063000000000002,0,0,0.0
20230910 06:20:49,43.125,5,1,22.0,0,0,0.0
20230910 06:20:54,43.187,5,1,21.875,0,0,0.0
20230910 06:20:59,43.25,5,1,21.813000000000002,0,0,0.0
20230910 06:21:05,43.312,5,1,21.688000000000002,0,0,0.0
20230910 06:21:10,43.375,5,1,21.688000000000002,0,0,0.0
20230910 06:21:15,43.437,5,1,21.625,0,0,0.0
20230910 06:21:20,43.5,5,1,21.563000000000002,0,0,0.0
20230910 06:21:25,43.562,5,1,21.5,0,0,0.0
20230910 06:21:30,43.687,5,1,21.438000000000002,0,0,0.0
20230910 06:21:35,43.75,5,1,21.313000000000002,0,0,0.0
20230910 06:21:41,43.75,5,1,21.25,0,0,0.0
20230910 06:21:46,43.875,5,1,21.25,0,0,0.0
20230910 06:21:51,43.937,5,1,21.125,0,0,0.0
20230910 06:21:56,44.0,5,1,21.063000000000002,0,0,0.0
20230910 06:22:01,44.062,5,1,21.0,0,0,0.0
20230910 06:22:06,44.125,5,1,20.938000000000002,0,0,0.0
20230910 06:22:13,44.187,5,1,20.813000000000002,0,0,0.0
20230910 06:22:18,44.312,5,1,20.813000000000002,0,0,0.0
20230910 06:22:23,44.312,5,1,20.688000000000002,0,0,0.0
20230910 06:22:28,44.375,5,1,20.688000000000002,0,0,0.0
20230910 06:22:33,44.375,5,1,20.625,0,0,0.0
20230910 06:22:38,44.562,5,1,20.625,0,0,0.0
20230910 06:22:44,44.625,5,1,20.375,0,0,0.0
20230910 06:22:49,44.687,5,1,20.375,0,0,0.0
20230910 06:22:55,44.687,5,1,20.313000000000002,0,0,0.0
20230910 06:23:00,44.812,5,1,20.313000000000002,0,0,0.0
20230910 06:23:05,44.875,5,1,20.188000000000002,0,0,0.0
20230910 06:23:11,44.937,5,1,20.063000000000002,0,0,0.0
20230910 06:23:17,45.0,5,1,20.0,0,0,0.0
20230910 06:23:22,45.125,5,1,20.0,0,0,0.0
20230910 06:23:27,45.187,5,1,19.875,0,0,0.0
20230910 06:23:32,45.25,5,1,19.813000000000002,0,0,0.0
20230910 06:23:38,45.312,5,1,19.75,0,0,0.0
20230910 06:23:44,45.375,5,1,19.625,0,0,0.0
20230910 06:23:49,45.437,5,1,19.625,0,0,0.0
20230910 06:23:54,45.5,5,1,19.563000000000002,0,0,0.0
20230910 06:23:59,45.562,5,1,19.5,0,0,0.0
20230910 06:24:04,45.625,5,1,19.438000000000002,0,0,0.0
20230910 06:24:09,45.625,5,1,19.375,0,0,0.0
20230910 06:24:14,45.625,5,1,19.375,0,0,0.0
20230910 06:24:19,45.812,5,1,19.375,0,0,0.0
20230910 06:24:26,45.875,5,1,19.125,0,0,0.0
20230910 06:24:31,46.0,5,1,19.125,0,0,0.0
20230910 06:24:36,46.062,5,1,19.0,0,0,0.0
20230910 06:24:42,46.125,5,1,18.875,0,0,0.0
20230910 06:24:47,46.187,5,1,18.875,0,0,0.0
20230910 06:24:53,46.25,5,1,18.813000000000002,0,0,0.0
20230910 06:24:58,46.312,5,1,18.75,0,0,0.0
20230910 06:25:03,46.375,5,1,18.688000000000002,0,0,0.0
20230910 06:25:08,46.5,5,1,18.625,0,0,0.0
20230910 06:25:13,46.562,5,1,18.5,0,0,0.0
20230910 06:25:20,46.625,5,1,18.375,0,0,0.0
20230910 06:25:25,46.687,5,1,18.375,0,0,0.0
20230910 06:25:30,46.75,5,1,18.313000000000002,0,0,0.0
20230910 06:25:35,46.812,5,1,18.25,0,0,0.0
20230910 06:25:40,46.875,5,1,18.188000000000002,0,0,0.0
20230910 06:25:45,46.937,5,1,18.125,0,0,0.0
20230910 06:25:52,47.0,5,1,18.0,0,0,0.0
20230910 06:25:57,47.0,5,1,18.0,0,0,0.0
20230910 06:26:04,47.187,5,1,17.813000000000002,0,0,0.0
20230910 06:26:09,47.25,5,1,17.813000000000002,0,0,0.0
20230910 06:26:14,47.312,5,1,17.75,0,0,0.0
20230910 06:26:19,47.375,5,1,17.688000000000002,0,0,0.0
20230910 06:26:25,47.437,5,1,17.563000000000002,0,0,0.0
20230910 06:26:30,47.5,5,1,17.563000000000002,0,0,0.0
20230910 06:26:35,47.562,5,1,17.5,0,0,0.0
20230910 06:26:40,47.625,5,1,17.438000000000002,0,0,0.0
20230910 06:26:45,47.687,5,1,17.375,0,0,0.0
20230910 06:26:52,47.75,5,1,17.25,0,0,0.0
20230910 06:26:57,47.812,5,1,17.25,0,0,0.0
20230910 06:27:02,47.937,5,1,17.188000000000002,0,0,0.0
20230910 06:27:07,48.0,5,1,17.063000000000002,0,0,0.0
20230910 06:27:12,48.062,5,1,17.0,0,0,0.0
20230910 06:27:17,48.125,5,1,16.938000000000002,0,0,0.0
20230910 06:27:22,48.187,5,1,16.875,0,0,0.0
20230910 06:27:27,48.25,5,1,16.813000000000002,0,0,0.0
20230910 06:27:32,48.312,5,1,16.75,0,0,0.0
20230910 06:27:37,48.375,5,1,16.688000000000002,0,0,0.0
20230910 06:27:42,48.375,5,1,16.625,0,0,0.0
20230910 06:27:47,48.5,5,1,16.625,0,0,0.0
20230910 06:27:54,48.562,5,1,16.438000000000002,0,0,0.0
20230910 06:27:59,48.625,5,1,16.438000000000002,0,0,0.0
20230910 06:28:04,48.687,5,1,16.375,0,0,0.0
20230910 06:28:09,48.75,5,1,16.313000000000002,0,0,0.0
20230910 06:28:14,48.812,5,1,16.25,0,0,0.0
20230910 06:28:19,48.875,5,1,16.188000000000002,0,0,0.0
20230910 06:28:25,48.937,5,1,16.063000000000002,0,0,0.0
20230910 06:28:30,49.0,5,1,16.063000000000002,0,0,0.0
20230910 06:28:35,49.062,5,1,16.0,0,0,0.0
20230910 06:28:40,49.125,5,1,15.938000000000002,0,0,0.0
20230910 06:28:45,49.25,5,1,15.875,0,0,0.0
20230910 06:28:50,49.25,5,1,15.75,0,0,0.0
20230910 06:28:55,49.312,5,1,15.75,0,0,0.0
20230910 06:29:00,49.312,5,1,15.688000000000002,0,0,0.0
20230910 06:29:05,49.437,5,1,15.688000000000002,0,0,0.0
20230910 06:29:10,49.5,5,1,15.563000000000002,0,0,0.0
20230910 06:29:15,49.562,5,1,15.5,0,0,0.0
20230910 06:29:20,49.687,5,1,15.438000000000002,0,0,0.0
20230910 06:29:25,49.75,5,1,15.313000000000002,0,0,0.0
20230910 06:29:31,49.812,5,1,15.188000000000002,0,0,0.0
20230910 06:29:36,49.875,5,1,15.188000000000002,0,0,0.0
20230910 06:29:41,49.875,5,1,15.125,0,0,0.0
20230910 06:29:46,50.0,5,1,15.125,0,0,0.0
20230910 06:29:51,50.062,5,1,15.0,0,0,0.0
20230910 06:29:56,50.125,5,1,14.938000000000002,0,0,0.0
20230910 06:30:02,50.125,5,1,14.875,0,0,0.0
20230910 06:30:07,50.25,5,1,14.875,0,0,0.0
20230910 06:30:13,50.312,5,1,14.75,0,0,0.0
20230910 06:30:20,50.375,5,1,14.625,0,0,0.0
20230910 06:30:25,50.5,5,1,14.625,0,0,0.0
20230910 06:30:30,50.562,5,1,14.5,0,0,0.0
20230910 06:30:36,50.625,5,1,14.375,0,0,0.0
20230910 06:30:41,50.687,5,1,14.375,0,0,0.0
20230910 06:30:47,50.75,5,1,14.25,0,0,0.0
20230910 06:30:52,50.812,5,1,14.25,0,0,0.0
20230910 06:30:58,50.875,5,1,14.188000000000002,0,0,0.0
20230910 06:31:04,51.0,5,1,14.125,0,0,0.0
20230910 06:31:10,51.062,5,1,13.938000000000002,0,0,0.0
20230910 06:31:15,51.125,5,1,13.938000000000002,0,0,0.0
20230910 06:31:21,51.125,5,1,13.875,0,0,0.0
20230910 06:31:26,51.25,5,1,13.875,0,0,0.0
20230910 06:31:32,51.312,5,1,13.75,0,0,0.0
20230910 06:31:37,51.375,5,1,13.688000000000002,0,0,0.0
20230910 06:31:42,51.437,5,1,13.625,0,0,0.0
20230910 06:31:48,51.5,5,1,13.5,0,0,0.0
20230910 06:31:54,51.562,5,1,13.438000000000002,0,0,0.0
20230910 06:31:59,51.562,5,1,13.438000000000002,0,0,0.0
20230910 06:32:04,51.75,5,1,13.438000000000002,0,0,0.0
20230910 06:32:09,51.75,5,1,13.25,0,0,0.0
20230910 06:32:14,51.812,5,1,13.25,0,0,0.0
20230910 06:32:19,51.875,5,1,13.188000000000002,0,0,0.0
20230910 06:32:24,51.937,5,1,13.125,0,0,0.0
20230910 06:32:29,52.0,5,1,13.063000000000002,0,0,0.0
20230910 06:32:34,52.125,5,1,13.0,0,0,0.0
20230910 06:32:39,52.187,5,1,12.875,0,0,0.0
20230910 06:32:44,52.25,5,1,12.813000000000002,0,0,0.0
20230910 06:32:49,52.312,5,1,12.75,0,0,0.0
20230910 06:32:56,52.375,5,1,12.625,0,0,0.0
20230910 06:33:01,52.437,5,1,12.625,0,0,0.0
20230910 06:33:06,52.5,5,1,12.563000000000002,0,0,0.0
20230910 06:33:11,52.562,5,1,12.5,0,0,0.0
20230910 06:33:16,52.562,5,1,12.438000000000002,0,0,0.0
20230910 06:33:21,52.75,5,1,12.438000000000002,0,0,0.0
20230910 06:33:27,52.812,5,1,12.25,0,0,0.0
20230910 06:33:33,52.875,5,1,12.125,0,0,0.0
20230910 06:33:38,52.937,5,1,12.125,0,0,0.0
20230910 06:33:44,53.0,5,1,12.063000000000002,0,0,0.0
20230910 06:33:49,53.062,5,1,12.0,0,0,0.0
20230910 06:33:56,53.125,5,1,11.875,0,0,0.0
20230910 06:34:03,53.25,5,1,11.75,0,0,0.0
20230910 06:34:09,53.312,5,1,11.75,0,0,0.0
20230910 06:34:14,53.375,5,1,11.688000000000002,0,0,0.0
20230910 06:34:19,53.437,5,1,11.625,0,0,0.0
20230910 06:34:24,53.5,5,1,11.563000000000002,0,0,0.0
20230910 06:34:29,53.562,5,1,11.5,0,0,0.0
20230910 06:34:34,53.625,5,1,11.438000000000002,0,0,0.0
20230910 06:34:39,53.687,5,1,11.375,0,0,0.0
20230910 06:34:44,53.75,5,1,11.313000000000002,0,0,0.0
20230910 06:34:49,53.812,5,1,11.25,0,0,0.0
20230910 06:34:54,53.875,5,1,11.188000000000002,0,0,0.0
20230910 06:34:59,53.875,5,1,11.125,0,0,0.0
20230910 06:35:05,54.0,5,1,11.0,0,0,0.0
20230910 06:35:11,54.062,5,1,10.938000000000002,0,0,0.0
20230910 06:35:16,54.125,5,1,10.938000000000002,0,0,0.0
20230910 06:35:24,54.187,5,1,10.813000000000002,0,0,0.0
20230910 06:35:29,54.312,5,1,10.813000000000002,0,0,0.0
20230910 06:35:34,54.375,5,1,10.688000000000002,0,0,0.0
20230910 06:35:39,54.437,5,1,10.625,0,0,0.0
20230910 06:35:44,54.5,5,1,10.563000000000002,0,0,0.0
20230910 06:35:49,54.562,5,1,10.5,0,0,0.0
20230910 06:35:55,54.625,5,1,10.375,0,0,0.0
20230910 06:36:01,54.687,5,1,10.375,0,0,0.0
20230910 06:36:06,54.75,5,1,10.313000000000002,0,0,0.0
20230910 06:36:11,54.812,5,1,10.25,0,0,0.0
20230910 06:36:16,54.875,5,1,10.188000000000002,0,0,0.0
20230910 06:36:21,54.937,5,1,10.125,0,0,0.0
20230910 06:36:26,55.0,5,1,10.063000000000002,0,0,0.0
20230910 06:36:31,55.062,5,1,10.0,0,0,0.0
20230910 06:36:36,55.062,5,1,9.938000000000002,0,0,0.0
20230910 06:36:42,55.187,5,1,9.813000000000002,0,0,0.0
20230910 06:36:48,55.25,5,1,9.75,0,0,0.0
20230910 06:36:53,55.312,5,1,9.75,0,0,0.0
20230910 06:36:58,55.375,5,1,9.688000000000002,0,0,0.0
20230910 06:37:03,55.437,5,1,9.625,0,0,0.0
20230910 06:37:08,55.562,5,1,9.563000000000002,0,0,0.0
20230910 06:37:14,55.625,5,1,9.438000000000002,0,0,0.0
20230910 06:37:20,55.687,5,1,9.313000000000002,0,0,0.0
20230910 06:37:26,55.687,5,1,9.313000000000002,0,0,0.0
20230910 06:37:31,55.812,5,1,9.313000000000002,0,0,0.0
20230910 06:37:38,55.812,5,1,9.188000000000002,0,0,0.0
20230910 06:37:43,55.937,5,1,9.188000000000002,0,0,0.0
20230910 06:37:48,56.0,5,1,9.063000000000002,0,0,0.0
20230910 06:37:53,56.062,5,1,9.0,0,0,0.0
20230910 06:37:58,56.062,5,1,8.938000000000002,0,0,0.0
20230910 06:38:03,56.187,5,1,8.938000000000002,0,0,0.0
20230910 06:38:08,56.25,5,1,8.813000000000002,0,0,0.0
20230910 06:38:13,56.312,5,1,8.75,0,0,0.0
20230910 06:38:18,56.312,5,1,8.688000000000002,0,0,0.0
20230910 06:38:23,56.437,5,1,8.688000000000002,0,0,0.0
20230910 06:38:28,56.5,5,1,8.563000000000002,0,0,0.0
20230910 06:38:34,56.562,5,1,8.438000000000002,0,0,0.0
20230910 06:38:39,56.562,5,1,8.438000000000002,0,0,0.0
20230910 06:38:44,56.687,5,1,8.438000000000002,0,0,0.0
20230910 06:38:49,56.75,5,1,8.313000000000002,0,0,0.0
20230910 06:38:54,56.812,5,1,8.25,0,0,0.0
20230910 06:38:59,56.875,5,1,8.188000000000002,0,0,0.0
20230910 06:39:06,56.937,5,1,8.063000000000002,0,0,0.0
20230910 06:39:11,57.0,5,1,8.063000000000002,0,0,0.0
20230910 06:39:16,57.125,5,1,8.0,0,0,0.0
20230910 06:39:22,57.125,5,1,7.875,0,0,0.0
20230910 06:39:27,57.125,5,1,7.875,0,0,0.0
20230910 06:39:33,57.125,5,1,7.875,0,0,0.0
20230910 06:39:38,57.375,5,1,7.875,0,0,0.0
20230910 06:39:43,57.437,5,1,7.625,0,0,0.0
20230910 06:39:48,57.437,5,1,7.563000000000002,0,0,0.0
20230910 06:39:53,57.5,5,1,7.563000000000002,0,0,0.0
20230910 06:40:00,57.562,5,1,7.438000000000002,0,0,0.0
20230910 06:40:05,57.625,5,1,7.438000000000002,0,0,0.0
20230910 06:40:10,57.75,5,1,7.375,0,0,0.0
20230910 06:40:15,57.75,5,1,7.25,0,0,0.0
20230910 06:40:21,57.812,5,1,7.188000000000002,0,0,0.0
20230910 06:40:26,57.875,5,1,7.188000000000002,0,0,0.0
20230910 06:40:32,58.0,5,1,7.125,0,0,0.0
20230910 06:40:37,58.062,5,1,7.0,0,0,0.0
20230910 06:40:43,58.062,5,1,6.938000000000002,0,0,0.0
20230910 06:40:49,58.187,5,1,6.813000000000002,0,0,0.0
20230910 06:40:54,58.25,5,1,6.813000000000002,0,0,0.0
20230910 06:41:00,58.312,5,1,6.75,0,0,0.0
20230910 06:41:05,58.375,5,1,6.688000000000002,0,0,0.0
20230910 06:41:10,58.437,5,1,6.625,0,0,0.0
20230910 06:41:15,58.5,5,1,6.563000000000002,0,0,0.0
20230910 06:41:21,58.5,5,1,6.5,3.25,0.0,0.0
20230910 06:41:26,58.625,5,1,6.5,6.5,0.0,0.0
20230910 06:41:32,58.625,5,1,6.375,9.719053398058252,-0.025,0.0
20230910 06:41:37,58.75,5,1,6.375,12.906553398058252,-0.025,0.0
20230910 06:41:43,58.812,5,1,6.25,16.063112803998848,-0.05,0.0
20230910 06:41:48,58.875,5,1,6.188000000000002,15.922690067224446,-0.037399999999999524,0.0
20230910 06:41:53,58.937,5,1,6.125,15.751020652784424,-0.05,0.0
20230910 06:41:58,59.0,5,1,6.063000000000002,15.579046102773432,-0.037399999999999524,0.0
20230910 06:42:03,59.062,5,1,6.0,15.40737835843123,-0.03760000000000048,0.0
20230910 06:42:08,59.125,5,1,5.938000000000002,15.23539945173674,-0.037399999999999524,0.0
20230910 06:42:14,59.125,5,1,5.875,15.06332218851114,-0.025,0.0
20230910 06:42:19,59.187,5,1,5.875,14.922491602951162,-0.012399999999999523,0.0
20230910 06:42:25,59.25,5,1,5.813000000000002,14.797494975985353,-0.012399999999999523,0.0
20230910 06:42:31,59.375,5,1,5.625,14.625756126920963,-0.037399999999999524,0.0
20230910 06:42:36,59.437,5,1,5.625,14.485269034268264,-0.062399999999999525,0.0
20230910 06:42:42,59.5,5,1,5.563000000000002,14.344854929870696,-0.062399999999999525,0.0
20230910 06:42:47,59.562,5,1,5.5,14.173194620732128,-0.05,0.0
20230910 06:42:52,59.625,5,1,5.438000000000002,13.985700258491416,-0.037399999999999524,0.0
20230910 06:42:58,59.687,5,1,5.313000000000002,13.813696765820167,-0.037399999999999524,0.0
20230910 06:43:03,59.75,5,1,5.313000000000002,13.641693273148913,-0.03719999999999857,0.0
20230910 06:43:09,59.812,5,1,5.25,13.485451313928191,-0.037399999999999524,0.0
20230910 06:43:15,59.875,5,1,5.125,13.297957836583684,-0.03760000000000048,0.0
20230910 06:43:20,59.875,5,1,5.125,13.141716191259867,-0.03780000000000143,0.0
20230910 06:43:26,60.062,5,1,5.125,13.03212627733771,-0.025200000000000954,0.0
20230910 06:43:32,60.062,5,1,4.938000000000002,12.829036363415554,-0.012600000000000477,0.0
20230910 06:43:37,60.062,5,1,4.938000000000002,12.657192427033845,0.0,0.0
20230910 06:43:42,60.187,5,1,4.938000000000002,12.547846213516925,0.0,0.0
20230910 06:43:47,60.187,5,1,4.813000000000002,12.407650599938473,-0.025,0.0
20230910 06:43:52,60.312,5,1,4.813000000000002,12.251650599938474,-0.025,0.0
20230910 06:43:57,60.375,5,1,4.688000000000002,12.158311740871007,-0.05,0.0
20230910 06:44:03,60.437,5,1,4.563000000000002,11.98641633381833,-0.037399999999999524,0.0
20230910 06:44:08,60.5,5,1,4.563000000000002,11.81452092676565,-0.049799999999999046,0.0
20230910 06:44:14,60.562,5,1,4.5,11.642229810441881,-0.037399999999999524,0.0
20230910 06:44:19,60.625,5,1,4.438000000000002,11.470337328902385,-0.037399999999999524,0.0
20230910 06:44:24,60.687,5,1,4.375,11.298038777326486,-0.03760000000000048,0.0
20230910 06:44:30,60.75,5,1,4.25,11.141800060824334,-0.03760000000000048,0.0
20230910 06:44:35,60.75,5,1,4.25,10.98556134432218,-0.03780000000000143,0.0
20230910 06:44:41,60.875,5,1,4.25,10.844701860707485,-0.025200000000000954,0.0
20230910 06:44:47,60.937,5,1,4.063000000000002,10.657211709125336,-0.025,0.0
20230910 06:44:52,60.937,5,1,4.063000000000002,10.500966486647062,-0.024799999999999045,0.0
20230910 06:44:58,61.062,5,1,4.063000000000002,10.391600610201891,-0.024799999999999045,0.0
20230910 06:45:03,61.125,5,1,3.9380000000000024,10.251472953979192,-0.037399999999999524,0.0
20230910 06:45:08,61.125,5,1,3.875,10.079849953851202,-0.03760000000000048,0.0
20230910 06:45:15,61.25,5,1,3.75,9.93949488205481,-0.06260000000000049,0.0
20230910 06:45:20,61.375,5,1,3.75,9.799139810258417,-0.06260000000000047,0.0
20230910 06:45:25,61.375,5,1,3.625,9.611919471275366,-0.07500000000000001,0.0
20230910 06:45:30,61.437,5,1,3.625,9.423681251052892,-0.05,0.0
20230910 06:45:35,61.437,5,1,3.5630000000000024,9.267437946228185,-0.037399999999999524,0.0
20230910 06:45:40,61.437,5,1,3.5630000000000024,9.14217565114622,-0.012399999999999523,0.0
20230910 06:45:45,61.437,5,1,3.5630000000000024,9.016913356064254,-0.012399999999999523,0.0
20230910 06:45:52,61.687,5,1,3.3130000000000024,8.893906091789598,-0.05,0.0
20230910 06:45:57,61.75,5,1,3.3130000000000024,8.80267848853189,-0.1,0.0
20230910 06:46:02,61.812,5,1,3.25,8.646445981965467,-0.11260000000000048,0.0
20230910 06:46:09,61.875,5,1,3.125,8.443353157634721,-0.07520000000000096,0.0
20230910 06:46:14,61.937,5,1,3.125,8.240260333303974,-0.03780000000000143,0.0
20230910 06:46:19,62.0,5,1,3.0630000000000024,8.066143237143454,-0.03760000000000048,0.0
20230910 06:46:24,62.0,5,1,3.0,7.860784497006801,-0.03760000000000048,0.0
20230910 06:46:29,62.125,5,1,3.0,7.719883308525922,-0.025,0.0
20230910 06:46:34,62.125,5,1,2.875,7.6108910264736895,-0.03760000000000048,0.0
20230910 06:46:40,62.25,5,1,2.75,7.439428295248879,-0.05,0.0
20230910 06:46:45,62.312,5,1,2.75,7.299217439111552,-0.07500000000000001,0.0
20230910 06:46:50,62.375,5,1,2.6880000000000024,7.142980501888037,-0.062399999999999525,0.0
20230910 06:46:55,62.437,5,1,2.625,6.971417260781317,-0.05,0.0
20230910 06:47:00,62.5,5,1,2.5630000000000024,6.799187602322355,-0.037399999999999524,0.0
20230910 06:47:05,62.562,5,1,2.5,6.658189138521799,-0.03760000000000048,0.0
20230910 06:47:10,62.625,5,1,2.4380000000000024,6.48593930728108,-0.037399999999999524,0.0
20230910 06:47:15,62.625,5,1,2.375,6.329718748297874,-0.03760000000000048,0.0
20230910 06:47:20,62.75,5,1,2.375,6.188781989404593,-0.025,0.0
20230910 06:47:25,62.812,5,1,2.25,6.04869134884113,-0.03760000000000048,0.0
20230910 06:47:30,62.875,5,1,2.1880000000000024,5.892461907178766,-0.037399999999999524,0.0
20230910 06:47:35,62.937,5,1,2.125,5.736247354257904,-0.05,0.0
20230910 06:47:40,63.0,5,1,2.0630000000000024,5.580020658997476,-0.037399999999999524,0.0
20230910 06:47:45,63.062,5,1,2.0,5.408514875093958,-0.03760000000000048,0.0
20230910 06:47:50,63.187,5,1,1.9380000000000024,5.236164313003172,-0.037399999999999524,0.0
20230910 06:47:57,63.187,5,1,1.8130000000000024,5.048708348858959,-0.037399999999999524,0.0
20230910 06:48:02,63.25,5,1,1.8130000000000024,4.892488863413403,-0.03719999999999857,0.0
20230910 06:48:07,63.312,5,1,1.75,4.736287885504775,-0.037399999999999524,0.0
20230910 06:48:12,63.375,5,1,1.6880000000000024,4.58007319238677,-0.037399999999999524,0.0
20230910 06:48:17,63.437,5,1,1.625,4.423878661844929,-0.03760000000000048,0.0
20230910 06:48:22,63.5,5,1,1.5630000000000024,4.298919529918535,-0.037399999999999524,0.0
20230910 06:48:27,63.562,5,1,1.5,4.1427329021919,-0.03760000000000048,0.0
20230910 06:48:32,63.625,5,1,1.4380000000000024,3.98653150822276,-0.037399999999999524,0.0
20230910 06:48:37,63.687,5,1,1.375,3.8303547225354326,-0.03760000000000048,0.0
20230910 06:48:42,63.75,5,1,1.3130000000000024,3.674162735454417,-0.037399999999999524,0.0
20230910 06:48:48,63.812,5,1,1.1880000000000024,3.4867554680972335,-0.037399999999999524,0.0
20230910 06:48:53,63.875,5,1,1.1880000000000024,3.33057569654029,-0.03719999999999857,0.0
20230910 06:48:58,63.875,5,1,1.125,3.174427591606417,-0.037399999999999524,0.0
20230910 06:49:03,63.875,5,1,1.125,3.0333248543152678,-0.025,0.0
20230910 06:49:09,64.062,5,1,0.9380000000000024,2.8809549787944704,-0.05,0.0
20230910 06:49:14,64.125,5,1,0.9380000000000024,2.791048442600893,-0.07479999999999905,0.0
20230910 06:49:20,64.187,5,1,0.8130000000000024,2.6037235798433693,-0.08719999999999857,0.0
20230910 06:49:25,64.25,5,1,0.8130000000000024,2.447613904312729,-0.06219999999999857,0.0
20230910 06:49:32,64.312,5,1,0.6880000000000024,2.245282193603411,-0.03719999999999857,0.0
20230910 06:49:37,64.375,5,1,0.6880000000000024,2.085462843533938,-0.03719999999999857,0.0
20230910 06:49:44,64.437,5,1,0.5630000000000024,1.8632841267327054,-0.03719999999999857,0.0
20230910 06:49:49,64.437,5,1,0.5630000000000024,1.7385237364954194,-0.03719999999999857,0.0
20230910 06:49:54,64.562,5,1,0.5630000000000024,1.5974544236992112,-0.024799999999999045,0.0
20230910 06:49:59,64.562,5,1,0.4380000000000024,1.4914384820608784,-0.037399999999999524,0.0
20230910 06:50:05,64.687,5,1,0.3130000000000024,1.3242215909060164,-0.05,0.0
20230910 06:50:10,64.75,5,1,0.3130000000000024,1.2193640664829133,-0.07500000000000001,0.0
20230910 06:50:16,64.75,5,1,0.25,1.064067577316531,-0.06260000000000049,0.0
20230910 06:50:21,64.812,5,1,0.25,0.9075675773165297,-0.03760000000000048,0.0
20230910 06:50:27,64.875,5,1,0.125,0.7348353574597087,-0.025200000000000954,0.0
20230910 06:50:32,64.937,5,1,0.125,0.6233040871194166,-0.025200000000000954,0.0
20230910 06:50:37,65.062,3.9670285264971703,0.7934057052994341,0.06300000000000239,0.4824643911112564,-0.03760000000000048,0.0
20230910 06:50:42,65.062,2.093442654110356,0.41868853082207125,-0.06199999999999761,0.3424519577187276,-0.05,0.0
20230910 06:50:47,65.125,0.8484426541103796,0.1696885308220759,-0.06199999999999761,0.18645195771872874,-0.037399999999999524,0.0
20230910 06:50:52,65.187,0,0,-0.125,0.052975680190580604,-0.03760000000000048,0.0
20230910 06:50:57,65.25,0,0,-0.1869999999999976,-0.10952457581007473,-0.025,0.0
20230910 06:51:02,65.25,0,0,-0.25,-0.2731568729034091,-0.03760000000000048,0.0
20230910 06:51:09,65.312,0,0,-0.3119999999999976,-0.4178668373162317,-0.037399999999999524,0.0
20230910 06:51:14,65.312,0,0,-0.3119999999999976,-0.5290768017290436,-0.037399999999999524,0.0
20230910 06:51:19,65.375,0,0,-0.3119999999999976,-0.6330206519964221,-0.024799999999999045,0.0
20230910 06:51:24,65.375,0,0,-0.375,-0.7251348469353991,-0.025,0.0
20230910 06:51:29,65.375,0,0,-0.375,-0.8011142519697244,-0.012600000000000477,0.0
20230910 06:51:35,65.375,0,0,-0.375,-0.8464042875569138,-0.012600000000000477,0.0
20230910 06:51:40,65.375,0,0,-0.375,-0.8916943231441031,0.0,0.0
20230910 06:51:46,65.375,0,0,-0.375,-0.9231943231441043,0.0,0.0
20230910 06:51:51,65.375,0,0,-0.375,-0.9375,0.0,0.0
20230910 06:51:56,65.375,0,0,-0.375,-0.9375,0.0,0.0
20230910 06:52:01,65.375,0,0,-0.375,-0.9375,0.0,0.0
20230910 06:52:06,65.375,0,0,-0.375,-0.9375,0.0,0.0
20230910 06:52:11,65.375,0,0,-0.375,-0.9375,0.0,0.0
20230910 06:52:16,65.375,0,0,-0.375,-0.9375,0.0,0.0
20230910 06:52:21,65.375,0,0,-0.375,-0.9375,0.0,0.0
20230910 06:52:28,65.375,0,0,-0.375,-0.9375,0.0,0.0
20230910 06:52:33,65.312,0,0,-0.375,-0.9375,0.0,0.0
20230910 06:52:38,65.312,0,0,-0.3119999999999976,-0.9231943231441043,0.012600000000000477,0.0
20230910 06:52:44,65.312,0,0,-0.3119999999999976,-0.8916943231441031,0.012600000000000477,0.0
20230910 06:52:49,65.312,0,0,-0.3119999999999976,-0.8601943231441019,0.012600000000000477,0.0
20230910 06:52:55,65.312,0,0,-0.3119999999999976,-0.8286943231441007,0.0,0.0
20230910 06:53:00,65.312,0,0,-0.3119999999999976,-0.7971943231440995,0.0,0.0
20230910 06:53:06,65.25,0,0,-0.3119999999999976,-0.779999999999994,0.0,0.0
20230910 06:53:11,65.25,0,0,-0.25,-0.7662099644128059,0.012399999999999523,0.0
20230910 06:53:17,65.25,0,0,-0.25,-0.7352099644128071,0.012399999999999523,0.0
20230910 06:53:22,65.187,0,0,-0.25,-0.7042099644128083,0.012399999999999523,0.0
20230910 06:53:27,65.125,0,0,-0.1869999999999976,-0.6597305593784841,0.012600000000000477,0.0
20230910 06:53:32,65.062,0,0,-0.125,-0.5848106875836127,0.025,0.0
20230910 06:53:38,65.062,0,0,-0.06199999999999761,-0.4736007231708008,0.025,0.0
20230910 06:53:43,65.0,0,0,-0.06199999999999761,-0.3796007231707996,0.012399999999999523,0.0
20230910 06:53:49,65.0,0,0,0.0,-0.28560072317079843,0.012399999999999523,0.0
20230910 06:53:54,65.0,0,0,0.0,-0.28560072317079843,0.012399999999999523,0.0
20230910 06:54:01,64.937,0,0,0.06300000000000239,-0.1425801282051226,0.025,0.0
20230910 06:54:06,64.937,0.7223846153846902,0.14447692307693805,0.06300000000000239,-0.02999999999999403,0.03760000000000048,0.0
20230910 06:54:11,64.875,1.0373846153847022,0.20747692307694043,0.06300000000000239,0.03250000000000597,0.025200000000000954,0.0
20230910 06:54:17,64.875,1.9445785597381833,0.38891571194763663,0.125,0.11561170212766447,0.025,0.0
20230910 06:54:22,64.812,2.5645785597381594,0.5129157119476319,0.125,0.20911170212766328,0.012399999999999523,0.0
20230910 06:54:27,64.812,3.461164453078058,0.6922328906156116,0.1880000000000024,0.25903182992319007,0.025,0.0
20230910 06:54:32,64.75,3.77616445307807,0.7552328906156139,0.1880000000000024,0.32153182992319007,0.012600000000000477,0.0
20230910 06:54:37,64.75,4.969182015424376,0.9938364030848752,0.25,0.4017258938501299,0.025,0.0
20230910 06:54:43,64.687,5,1,0.25,0.4746141917224702,0.012399999999999523,0.0
20230910 06:54:48,64.687,5,1,0.3130000000000024,0.5546266251150109,0.025,0.0
20230910 06:54:54,64.625,5,1,0.375,0.6466032996450648,0.025,0.0
20230910 06:54:59,64.625,5,1,0.375,0.7260001019706455,0.037399999999999524,0.0
20230910 06:55:04,64.562,5,1,0.375,0.8018060380437044,0.024799999999999045,0.0
20230910 06:55:09,64.562,5,1,0.4380000000000024,0.8812765177485021,0.025,0.0
20230910 06:55:14,64.5,5,1,0.4380000000000024,0.9577640843559626,0.012600000000000477,0.0
20230910 06:55:19,64.5,5,1,0.5,1.0198918022862449,0.025,0.0
20230910 06:55:24,64.437,5,1,0.5,1.096494999960663,0.012399999999999523,0.0
20230910 06:55:30,64.437,5,1,0.5630000000000024,1.1756784430462706,0.025,0.0
20230910 06:55:35,64.437,5,1,0.5630000000000024,1.252707963341474,0.012600000000000477,0.0
20230910 06:55:41,64.375,5,1,0.625,1.3315168859003959,0.025,0.0
20230910 06:55:47,64.312,5,1,0.6880000000000024,1.4249980777542048,0.025,0.0
20230910 06:55:52,64.312,5,1,0.6880000000000024,1.5040037898638778,0.03760000000000048,0.0
20230910 06:55:58,64.25,5,1,0.6880000000000024,1.581320346778272,0.025200000000000954,0.0
20230910 06:56:03,64.25,5,1,0.75,1.6599886360689526,0.025,0.0
20230910 06:56:09,64.187,5,1,0.75,1.7371797135100295,0.012399999999999523,0.0
20230910 06:56:15,64.187,5,1,0.8130000000000024,1.8146740014003575,0.012399999999999523,0.0
20230910 06:56:20,64.125,5,1,0.8130000000000024,1.8921682892906855,0.0,0.0
20230910 06:56:26,64.125,5,1,0.875,1.9707376020868934,0.012399999999999523,0.0
20230910 06:56:31,64.125,5,1,0.875,2.0480693127962115,0.012399999999999523,0.0
20230910 06:56:36,64.062,5,1,0.875,2.1105693127962115,0.012399999999999523,0.0
20230910 06:56:42,64.0,5,1,1.0,2.189065184829235,0.012399999999999523,0.0
20230910 06:56:47,64.0,5,1,1.0,2.2675610568622577,0.024799999999999045,0.0
20230910 06:56:52,64.0,5,1,1.0,2.3449917440660486,0.024799999999999045,0.0
20230910 06:56:57,63.937,5,1,1.0,2.4074917440660486,0.012399999999999523,0.0
20230910 06:57:03,63.937,5,1,1.0630000000000024,2.5014917440660493,0.0,0.0
20230910 06:57:08,63.875,5,1,1.0630000000000024,2.5479958720330265,0.0,0.0
20230910 06:57:13,63.875,5,1,1.125,2.61043921389397,0.012399999999999523,0.0
20230910 06:57:19,63.812,5,1,1.1880000000000024,2.689118202220819,0.025,0.0
20230910 06:57:24,63.812,5,1,1.1880000000000024,2.7677971905476677,0.03760000000000048,0.0
20230910 06:57:30,63.75,5,1,1.1880000000000024,2.8302971905476677,0.025200000000000954,0.0
20230910 06:57:35,63.75,5,1,1.25,2.9086913661013996,0.025,0.0
20230910 06:57:41,63.75,5,1,1.25,2.986252152207432,0.012399999999999523,0.0
20230910 06:57:47,63.687,5,1,1.3130000000000024,3.0487103078524918,0.025,0.0
20230910 06:57:52,63.625,5,1,1.3130000000000024,3.1111684634975516,0.025200000000000954,0.0
20230910 06:57:57,63.625,5,1,1.375,3.1895259783785033,0.03760000000000048,0.0
20230910 06:58:02,63.625,5,1,1.375,3.2671318028247702,0.025,0.0
20230910 06:58:09,63.625,5,1,1.375,3.3296318028247702,0.012399999999999523,0.0
20230910 06:58:14,63.562,5,1,1.375,3.3759946588528615,0.0,0.0
20230910 06:58:19,63.562,5,1,1.4380000000000024,3.438460252172102,0.012600000000000477,0.0
20230910 06:58:26,63.562,5,1,1.4380000000000024,3.48510273729115,0.012600000000000477,0.0
20230910 06:58:31,63.562,5,1,1.4380000000000024,3.516602737291151,0.012600000000000477,0.0
20230910 06:58:36,63.437,5,1,1.4380000000000024,3.5481027372911518,0.0,0.0
20230910 06:58:41,63.375,5,1,1.5630000000000024,3.612154386741337,0.025,0.0
20230910 06:58:46,63.375,5,1,1.625,3.7058530923611044,0.037399999999999524,0.0
20230910 06:58:51,63.312,5,1,1.625,3.799353092361103,0.037399999999999524,0.0
20230910 06:58:56,63.312,5,1,1.6880000000000024,3.9089025943230706,0.025,0.0
20230910 06:59:02,63.25,5,1,1.75,4.049682117301545,0.025,0.0
20230910 06:59:07,63.25,5,1,1.75,4.157909990829838,0.037399999999999524,0.0
20230910 06:59:12,63.25,5,1,1.75,4.235608547918922,0.024799999999999045,0.0
20230910 06:59:17,63.187,5,1,1.75,4.298108547918921,0.012399999999999523,0.0
20230910 06:59:24,63.187,5,1,1.8130000000000024,4.3760590459569535,0.0,0.0
20230910 06:59:29,63.125,5,1,1.8130000000000024,4.4227795229784785,0.0,0.0
20230910 06:59:34,63.125,5,1,1.875,4.485260574837313,0.012399999999999523,0.0
20230910 06:59:40,63.062,5,1,1.9380000000000024,4.563770803004111,0.025,0.0
20230910 06:59:45,63.062,5,1,1.9380000000000024,4.64228103117091,0.03760000000000048,0.0
20230910 06:59:50,63.0,5,1,1.9380000000000024,4.70478103117091,0.025200000000000954,0.0
20230910 06:59:55,63.0,5,1,2.0,4.783025063674719,0.025,0.0
