date,Open,High,Low,Close,Adj Close,Volume
2024-04-19 09:30:00-04:00,146.14999389648438,146.16000366210938,145.84500122070312,145.8699951171875,145.8699951171875,552778
2024-04-19 09:31:00-04:00,145.83999633789062,146.00999450683594,145.77000427246094,145.85000610351562,145.85000610351562,33571
2024-04-19 09:32:00-04:00,145.75999450683594,145.7899932861328,145.5399932861328,145.65499877929688,145.65499877929688,59748
2024-04-19 09:33:00-04:00,145.6199951171875,145.72000122070312,145.1999969482422,145.1999969482422,145.1999969482422,23962
2024-04-19 09:34:00-04:00,145.16470336914062,145.16470336914062,144.5500030517578,144.8000030517578,144.8000030517578,63876
2024-04-19 09:35:00-04:00,144.8000030517578,144.86000061035156,144.5399932861328,144.80499267578125,144.80499267578125,18782
2024-04-19 09:36:00-04:00,144.77999877929688,145.06900024414062,144.75999450683594,145.01499938964844,145.01499938964844,15727
2024-04-19 09:37:00-04:00,145.0,145.2899932861328,145.0,145.22999572753906,145.22999572753906,57702
2024-04-19 09:38:00-04:00,145.1999969482422,145.25819396972656,145.02000427246094,145.22000122070312,145.22000122070312,15728
2024-04-19 09:39:00-04:00,145.25,145.4416961669922,145.1999969482422,145.4199981689453,145.4199981689453,12230
2024-04-19 09:40:00-04:00,145.41290283203125,145.6699981689453,145.41290283203125,145.5,145.5,21866
2024-04-19 09:41:00-04:00,145.44000244140625,145.6699981689453,145.35000610351562,145.6699981689453,145.6699981689453,13125
2024-04-19 09:42:00-04:00,145.6699981689453,145.6999969482422,145.52499389648438,145.6199951171875,145.6199951171875,16027
2024-04-19 09:43:00-04:00,145.625,145.64999389648438,145.5,145.56500244140625,145.56500244140625,6605
2024-04-19 09:44:00-04:00,145.49899291992188,145.6300048828125,145.48500061035156,145.6199951171875,145.6199951171875,16442
2024-04-19 09:45:00-04:00,145.66000366210938,145.75,145.63999938964844,145.69000244140625,145.69000244140625,24057
2024-04-19 09:46:00-04:00,145.69000244140625,145.8000030517578,145.69000244140625,145.77499389648438,145.77499389648438,7533
2024-04-19 09:47:00-04:00,145.79559326171875,145.9600067138672,145.77999877929688,145.9250030517578,145.9250030517578,15294
2024-04-19 09:48:00-04:00,145.9199981689453,146.0399932861328,145.88999938964844,146.0399932861328,146.0399932861328,15813
2024-04-19 09:49:00-04:00,145.99000549316406,146.00999450683594,145.87890625,145.9857940673828,145.9857940673828,13217
2024-04-19 09:50:00-04:00,145.97500610351562,146.0,145.89999389648438,145.89999389648438,145.89999389648438,8955
2024-04-19 09:51:00-04:00,145.94000244140625,146.0,145.9199981689453,145.9550018310547,145.9550018310547,5791
2024-04-19 09:52:00-04:00,145.972900390625,146.0800018310547,145.9530029296875,146.05999755859375,146.05999755859375,14262
2024-04-19 09:54:00-04:00,146.10000610351562,146.1999969482422,146.10000610351562,146.17999267578125,146.17999267578125,18974
2024-04-19 09:55:00-04:00,146.17999267578125,146.19000244140625,146.10000610351562,146.1300048828125,146.1300048828125,8911
2024-04-19 09:56:00-04:00,146.13999938964844,146.1699981689453,146.05999755859375,146.08999633789062,146.08999633789062,15224
2024-04-19 09:57:00-04:00,146.08999633789062,146.12989807128906,146.0399932861328,146.0399932861328,146.0399932861328,10043
2024-04-19 09:58:00-04:00,146.05499267578125,146.1300048828125,146.0500030517578,146.1300048828125,146.1300048828125,8439
2024-04-19 09:59:00-04:00,146.125,146.14999389648438,145.99000549316406,146.0800018310547,146.0800018310547,16615
2024-04-19 10:00:00-04:00,146.08999633789062,146.1199951171875,146.07000732421875,146.10189819335938,146.10189819335938,12948
2024-04-19 10:01:00-04:00,146.13999938964844,146.1999969482422,145.99000549316406,145.99000549316406,145.99000549316406,14787
2024-04-19 10:02:00-04:00,145.99000549316406,146.02999877929688,145.92999267578125,145.93499755859375,145.93499755859375,10913
2024-04-19 10:03:00-04:00,145.89010620117188,145.89999389648438,145.7100067138672,145.7100067138672,145.7100067138672,8164
2024-04-19 10:04:00-04:00,145.72999572753906,145.8699951171875,145.72999572753906,145.84500122070312,145.84500122070312,12541
2024-04-19 10:05:00-04:00,145.8300018310547,146.14999389648438,145.8300018310547,146.14999389648438,146.14999389648438,13680
2024-04-19 10:06:00-04:00,146.14999389648438,146.27000427246094,146.13999938964844,146.24000549316406,146.24000549316406,16853
2024-04-19 10:07:00-04:00,146.22500610351562,146.24000549316406,146.16000366210938,146.1999969482422,146.1999969482422,12246
2024-04-19 10:08:00-04:00,146.1999969482422,146.1999969482422,146.05999755859375,146.13499450683594,146.13499450683594,8329
2024-04-19 10:09:00-04:00,146.16070556640625,146.25,146.14999389648438,146.1699981689453,146.1699981689453,12039
2024-04-19 10:10:00-04:00,146.17999267578125,146.2100067138672,146.14999389648438,146.1649932861328,146.1649932861328,7760
2024-04-19 10:11:00-04:00,146.1699981689453,146.2100067138672,146.14999389648438,146.14999389648438,146.14999389648438,12103
2024-04-19 10:12:00-04:00,146.16000366210938,146.25999450683594,146.13999938964844,146.25999450683594,146.25999450683594,11182
2024-04-19 10:13:00-04:00,146.26499938964844,146.3300018310547,146.2310028076172,146.30999755859375,146.30999755859375,11804
2024-04-19 10:14:00-04:00,146.30999755859375,146.3300018310547,146.25,146.3000030517578,146.3000030517578,10671
2024-04-19 10:15:00-04:00,146.32000732421875,146.33999633789062,146.27999877929688,146.3000030517578,146.3000030517578,6999
2024-04-19 10:16:00-04:00,146.27000427246094,146.32000732421875,146.24000549316406,146.30999755859375,146.30999755859375,13472
2024-04-19 10:17:00-04:00,146.27999877929688,146.28500366210938,146.25,146.25999450683594,146.25999450683594,7287
2024-04-19 10:18:00-04:00,146.25,146.27999877929688,146.1199951171875,146.1649932861328,146.1649932861328,22082
2024-04-19 10:19:00-04:00,146.1649932861328,146.19000244140625,146.13999938964844,146.17999267578125,146.17999267578125,8697
2024-04-19 10:20:00-04:00,146.18499755859375,146.32000732421875,146.18499755859375,146.3000030517578,146.3000030517578,8536
2024-04-19 10:21:00-04:00,146.32000732421875,146.36000061035156,146.1699981689453,146.19000244140625,146.19000244140625,36991
2024-04-19 10:22:00-04:00,146.22000122070312,146.24000549316406,146.14999389648438,146.14999389648438,146.14999389648438,17893
2024-04-19 10:23:00-04:00,146.14999389648438,146.25999450683594,146.1300048828125,146.25,146.25,10038
2024-04-19 10:24:00-04:00,146.2899932861328,146.35000610351562,146.25,146.31500244140625,146.31500244140625,11866
2024-04-19 10:25:00-04:00,146.31500244140625,146.33999633789062,146.26499938964844,146.30999755859375,146.30999755859375,7427
2024-04-19 10:26:00-04:00,146.3300018310547,146.38999938964844,146.30999755859375,146.37289428710938,146.37289428710938,19215
2024-04-19 10:27:00-04:00,146.38999938964844,146.39999389648438,146.2899932861328,146.3000030517578,146.3000030517578,20672
2024-04-19 10:28:00-04:00,146.30999755859375,146.49000549316406,146.30999755859375,146.47500610351562,146.47500610351562,14885
2024-04-19 10:29:00-04:00,146.49000549316406,146.69000244140625,146.47999572753906,146.69000244140625,146.69000244140625,24134
2024-04-19 10:30:00-04:00,146.67999267578125,146.67999267578125,146.5800018310547,146.61000061035156,146.61000061035156,14904
2024-04-19 10:31:00-04:00,146.59500122070312,146.6699981689453,146.59500122070312,146.6699981689453,146.6699981689453,10923
2024-04-19 10:32:00-04:00,146.65989685058594,146.67999267578125,146.58999633789062,146.60499572753906,146.60499572753906,6295
2024-04-19 10:33:00-04:00,146.55999755859375,146.5771942138672,146.52000427246094,146.52000427246094,146.52000427246094,4858
2024-04-19 10:34:00-04:00,146.5500030517578,146.5500030517578,146.4199981689453,146.43499755859375,146.43499755859375,11528
2024-04-19 10:35:00-04:00,146.44000244140625,146.50999450683594,146.44000244140625,146.47999572753906,146.47999572753906,6364
2024-04-19 10:36:00-04:00,146.47999572753906,146.58999633789062,146.47999572753906,146.50999450683594,146.50999450683594,11457
2024-04-19 10:37:00-04:00,146.5399932861328,146.5800018310547,146.52999877929688,146.5800018310547,146.5800018310547,5227
2024-04-19 10:38:00-04:00,146.5800018310547,146.61000061035156,146.52999877929688,146.60009765625,146.60009765625,8781
2024-04-19 10:39:00-04:00,146.61000061035156,146.6199951171875,146.55999755859375,146.57000732421875,146.57000732421875,8945
2024-04-19 10:40:00-04:00,146.55999755859375,146.5800018310547,146.4700927734375,146.49000549316406,146.49000549316406,14998
2024-04-19 10:41:00-04:00,146.4949951171875,146.61000061035156,146.47000122070312,146.61000061035156,146.61000061035156,12229
2024-04-19 10:42:00-04:00,146.61000061035156,146.66070556640625,146.5800018310547,146.6300048828125,146.6300048828125,6579
2024-04-19 10:43:00-04:00,146.639892578125,146.7100067138672,146.639892578125,146.67999267578125,146.67999267578125,7582
2024-04-19 10:44:00-04:00,146.6999969482422,146.72000122070312,146.6678009033203,146.6782989501953,146.6782989501953,7287
2024-04-19 10:45:00-04:00,146.69000244140625,146.75999450683594,146.67990112304688,146.72019958496094,146.72019958496094,11204
2024-04-19 10:46:00-04:00,146.73989868164062,146.74000549316406,146.625,146.64999389648438,146.64999389648438,19420
2024-04-19 10:47:00-04:00,146.63009643554688,146.64999389648438,146.5399932861328,146.60000610351562,146.60000610351562,15724
2024-04-19 10:48:00-04:00,146.6199951171875,146.6300048828125,146.47000122070312,146.47000122070312,146.47000122070312,13256
2024-04-19 10:49:00-04:00,146.49000549316406,146.49000549316406,146.3300018310547,146.3300018310547,146.3300018310547,7565
2024-04-19 10:50:00-04:00,146.3300018310547,146.39999389648438,146.31500244140625,146.38999938964844,146.38999938964844,10495
2024-04-19 10:51:00-04:00,146.3874969482422,146.4199981689453,146.36500549316406,146.38499450683594,146.38499450683594,8787
2024-04-19 10:52:00-04:00,146.35499572753906,146.35499572753906,146.22999572753906,146.30999755859375,146.30999755859375,8959
2024-04-19 10:53:00-04:00,146.3300018310547,146.44000244140625,146.28939819335938,146.44000244140625,146.44000244140625,19713
2024-04-19 10:54:00-04:00,146.4250030517578,146.49000549316406,146.39999389648438,146.4156036376953,146.4156036376953,33916
2024-04-19 10:55:00-04:00,146.44439697265625,146.5,146.4199981689453,146.48989868164062,146.48989868164062,5590
2024-04-19 10:56:00-04:00,146.5,146.50999450683594,146.47000122070312,146.47999572753906,146.47999572753906,5940
2024-04-19 10:57:00-04:00,146.47560119628906,146.50999450683594,146.4300994873047,146.47000122070312,146.47000122070312,5930
2024-04-19 10:58:00-04:00,146.49000549316406,146.49000549316406,146.38999938964844,146.38999938964844,146.38999938964844,16083
2024-04-19 10:59:00-04:00,146.3699951171875,146.44000244140625,146.36000061035156,146.375,146.375,7317
2024-04-19 11:00:00-04:00,146.3800048828125,146.38499450683594,146.32000732421875,146.35000610351562,146.35000610351562,9159
2024-04-19 11:01:00-04:00,146.36000061035156,146.38999938964844,146.2899932861328,146.3350067138672,146.3350067138672,9302
2024-04-19 11:02:00-04:00,146.32000732421875,146.39999389648438,146.32000732421875,146.39999389648438,146.39999389648438,4137
2024-04-19 11:03:00-04:00,146.3699951171875,146.4199981689453,146.36000061035156,146.41000366210938,146.41000366210938,10562
2024-04-19 11:04:00-04:00,146.39999389648438,146.44000244140625,146.39999389648438,146.42999267578125,146.42999267578125,3134
2024-04-19 11:05:00-04:00,146.42999267578125,146.49000549316406,146.4199981689453,146.49000549316406,146.49000549316406,8352
2024-04-19 11:06:00-04:00,146.48989868164062,146.48989868164062,146.4199981689453,146.4550018310547,146.4550018310547,4271
2024-04-19 11:07:00-04:00,146.4499969482422,146.47000122070312,146.41000366210938,146.43499755859375,146.43499755859375,6263
2024-04-19 11:08:00-04:00,146.43499755859375,146.4499969482422,146.39999389648438,146.44000244140625,146.44000244140625,8120
2024-04-19 11:09:00-04:00,146.43919372558594,146.46499633789062,146.42999267578125,146.45199584960938,146.45199584960938,5203
2024-04-19 11:10:00-04:00,146.4499969482422,146.4600067138672,146.35000610351562,146.36000061035156,146.36000061035156,8373
2024-04-19 11:11:00-04:00,146.36000061035156,146.36000061035156,146.25,146.27999877929688,146.27999877929688,23550
2024-04-19 11:12:00-04:00,146.2899932861328,146.33999633789062,146.25999450683594,146.2899932861328,146.2899932861328,16535
2024-04-19 11:13:00-04:00,146.2899932861328,146.3800048828125,146.2899932861328,146.32870483398438,146.32870483398438,11489
2024-04-19 11:14:00-04:00,146.30999755859375,146.30999755859375,146.1699981689453,146.1699981689453,146.1699981689453,11931
2024-04-19 11:15:00-04:00,146.1699981689453,146.2899932861328,146.1699981689453,146.2899932861328,146.2899932861328,12879
2024-04-19 11:16:00-04:00,146.2899932861328,146.30999755859375,146.25999450683594,146.27999877929688,146.27999877929688,10280
2024-04-19 11:17:00-04:00,146.27999877929688,146.2899932861328,146.19000244140625,146.27999877929688,146.27999877929688,23720
2024-04-19 11:18:00-04:00,146.27499389648438,146.39999389648438,146.27499389648438,146.39999389648438,146.39999389648438,16795
2024-04-19 11:19:00-04:00,146.40499877929688,146.44500732421875,146.38999938964844,146.44500732421875,146.44500732421875,5701
2024-04-19 11:20:00-04:00,146.4499969482422,146.47000122070312,146.4199981689453,146.4600067138672,146.4600067138672,7550
2024-04-19 11:21:00-04:00,146.47000122070312,146.50999450683594,146.4199981689453,146.4199981689453,146.4199981689453,9366
2024-04-19 11:22:00-04:00,146.42999267578125,146.4600067138672,146.36000061035156,146.44000244140625,146.44000244140625,8389
2024-04-19 11:23:00-04:00,146.42999267578125,146.4600067138672,146.4199981689453,146.4600067138672,146.4600067138672,10409
2024-04-19 11:24:00-04:00,146.47000122070312,146.5500030517578,146.47000122070312,146.49000549316406,146.49000549316406,8038
2024-04-19 11:25:00-04:00,146.5,146.5050048828125,146.4499969482422,146.4550018310547,146.4550018310547,4830
2024-04-19 11:26:00-04:00,146.46499633789062,146.52000427246094,146.4499969482422,146.50999450683594,146.50999450683594,12664
2024-04-19 11:27:00-04:00,146.50999450683594,146.5399932861328,146.50010681152344,146.52000427246094,146.52000427246094,5390
2024-04-19 11:28:00-04:00,146.52000427246094,146.5500030517578,146.50999450683594,146.5449981689453,146.5449981689453,5781
2024-04-19 11:29:00-04:00,146.53500366210938,146.60000610351562,146.50999450683594,146.52999877929688,146.52999877929688,22911
2024-04-19 11:30:00-04:00,146.5,146.52000427246094,146.47999572753906,146.52000427246094,146.52000427246094,6110
2024-04-19 11:31:00-04:00,146.5,146.5399932861328,146.47999572753906,146.47999572753906,146.47999572753906,12358
2024-04-19 11:32:00-04:00,146.47000122070312,146.47000122070312,146.4040069580078,146.47000122070312,146.47000122070312,11264
2024-04-19 11:33:00-04:00,146.46890258789062,146.47300720214844,146.39999389648438,146.44000244140625,146.44000244140625,7425
2024-04-19 11:34:00-04:00,146.4499969482422,146.47000122070312,146.4199981689453,146.42999267578125,146.42999267578125,4717
2024-04-19 11:35:00-04:00,146.4199981689453,146.47999572753906,146.4199981689453,146.47999572753906,146.47999572753906,6967
2024-04-19 11:36:00-04:00,146.49000549316406,146.52999877929688,146.47000122070312,146.52999877929688,146.52999877929688,9325
2024-04-19 11:37:00-04:00,146.5399932861328,146.6199951171875,146.5200958251953,146.59500122070312,146.59500122070312,31011
2024-04-19 11:38:00-04:00,146.61000061035156,146.69500732421875,146.61000061035156,146.66000366210938,146.66000366210938,18741
2024-04-19 11:39:00-04:00,146.63999938964844,146.6699981689453,146.6199951171875,146.63999938964844,146.63999938964844,5695
2024-04-19 11:40:00-04:00,146.65989685058594,146.7100067138672,146.64999389648438,146.64999389648438,146.64999389648438,10892
2024-04-19 11:41:00-04:00,146.63999938964844,146.6999969482422,146.63999938964844,146.67999267578125,146.67999267578125,7849
2024-04-19 11:42:00-04:00,146.6999969482422,146.74000549316406,146.6199951171875,146.6199951171875,146.6199951171875,8602
2024-04-19 11:43:00-04:00,146.6280059814453,146.64999389648438,146.61000061035156,146.6199951171875,146.6199951171875,3864
2024-04-19 11:44:00-04:00,146.63999938964844,146.66000366210938,146.61000061035156,146.6300048828125,146.6300048828125,9670
2024-04-19 11:45:00-04:00,146.63999938964844,146.69000244140625,146.6199951171875,146.6699981689453,146.6699981689453,23677
2024-04-19 11:46:00-04:00,146.6699981689453,146.72000122070312,146.6699981689453,146.6999969482422,146.6999969482422,10730
2024-04-19 11:47:00-04:00,146.6750030517578,146.72000122070312,146.6699981689453,146.7100067138672,146.7100067138672,5280
2024-04-19 11:48:00-04:00,146.72999572753906,146.80999755859375,146.72000122070312,146.77999877929688,146.77999877929688,13679
2024-04-19 11:49:00-04:00,146.78500366210938,146.78500366210938,146.72000122070312,146.72000122070312,146.72000122070312,7347
2024-04-19 11:50:00-04:00,146.74000549316406,146.8199005126953,146.74000549316406,146.7899932861328,146.7899932861328,9883
2024-04-19 11:51:00-04:00,146.7949981689453,146.7949981689453,146.65499877929688,146.66000366210938,146.66000366210938,18596
2024-04-19 11:52:00-04:00,146.66000366210938,146.7100067138672,146.66000366210938,146.69000244140625,146.69000244140625,11179
2024-04-19 11:53:00-04:00,146.7100067138672,146.7100067138672,146.67999267578125,146.69000244140625,146.69000244140625,5435
2024-04-19 11:54:00-04:00,146.6999969482422,146.72500610351562,146.69000244140625,146.72000122070312,146.72000122070312,6812
2024-04-19 11:55:00-04:00,146.72500610351562,146.72999572753906,146.6999969482422,146.7100067138672,146.7100067138672,4791
2024-04-19 11:56:00-04:00,146.7100067138672,146.75,146.6999969482422,146.75,146.75,8525
2024-04-19 11:57:00-04:00,146.75,146.75,146.67999267578125,146.74159240722656,146.74159240722656,10346
2024-04-19 11:58:00-04:00,146.74000549316406,146.80999755859375,146.74000549316406,146.7899932861328,146.7899932861328,4496
2024-04-19 11:59:00-04:00,146.7899932861328,146.7899932861328,146.6999969482422,146.72000122070312,146.72000122070312,16850
2024-04-19 12:00:00-04:00,146.7100067138672,146.83999633789062,146.7100067138672,146.8300018310547,146.8300018310547,25042
2024-04-19 12:01:00-04:00,146.85000610351562,146.8800048828125,146.83099365234375,146.85000610351562,146.85000610351562,10475
2024-04-19 12:02:00-04:00,146.83999633789062,146.84249877929688,146.75999450683594,146.84249877929688,146.84249877929688,10975
2024-04-19 12:03:00-04:00,146.841796875,146.85000610351562,146.8000030517578,146.82000732421875,146.82000732421875,6588
2024-04-19 12:04:00-04:00,146.8300018310547,146.88999938964844,146.82000732421875,146.88999938964844,146.88999938964844,4484
2024-04-19 12:05:00-04:00,146.8800048828125,146.9199981689453,146.8800048828125,146.91000366210938,146.91000366210938,5980
2024-04-19 12:06:00-04:00,146.91000366210938,146.91000366210938,146.85000610351562,146.86000061035156,146.86000061035156,13980
2024-04-19 12:07:00-04:00,146.86000061035156,146.8800048828125,146.8052978515625,146.8052978515625,146.8052978515625,8009
2024-04-19 12:08:00-04:00,146.77999877929688,146.86000061035156,146.77999877929688,146.86000061035156,146.86000061035156,7779
2024-04-19 12:09:00-04:00,146.8699951171875,146.8800048828125,146.83999633789062,146.83999633789062,146.83999633789062,5823
2024-04-19 12:10:00-04:00,146.85499572753906,146.8699951171875,146.82000732421875,146.83999633789062,146.83999633789062,8053
2024-04-19 12:11:00-04:00,146.8300018310547,146.8300018310547,146.77000427246094,146.77999877929688,146.77999877929688,7756
2024-04-19 12:12:00-04:00,146.8000030517578,146.8000030517578,146.75,146.77999877929688,146.77999877929688,7647
2024-04-19 12:13:00-04:00,146.7899932861328,146.7899932861328,146.6999969482422,146.7100067138672,146.7100067138672,12839
2024-04-19 12:14:00-04:00,146.72000122070312,146.74000549316406,146.6999969482422,146.72000122070312,146.72000122070312,9263
2024-04-19 12:15:00-04:00,146.72279357910156,146.75,146.63999938964844,146.6649932861328,146.6649932861328,13797
2024-04-19 12:16:00-04:00,146.64999389648438,146.67999267578125,146.64010620117188,146.64999389648438,146.64999389648438,9222
2024-04-19 12:17:00-04:00,146.66000366210938,146.6999969482422,146.6199951171875,146.6300048828125,146.6300048828125,14147
2024-04-19 12:18:00-04:00,146.6199951171875,146.66000366210938,146.61000061035156,146.64999389648438,146.64999389648438,9633
2024-04-19 12:19:00-04:00,146.64999389648438,146.72000122070312,146.64999389648438,146.68499755859375,146.68499755859375,18054
2024-04-19 12:20:00-04:00,146.69000244140625,146.7509002685547,146.69000244140625,146.72999572753906,146.72999572753906,9580
2024-04-19 12:21:00-04:00,146.72999572753906,146.72999572753906,146.66000366210938,146.7100067138672,146.7100067138672,16903
2024-04-19 12:22:00-04:00,146.6999969482422,146.74000549316406,146.69000244140625,146.6999969482422,146.6999969482422,10461
2024-04-19 12:23:00-04:00,146.6999969482422,146.74000549316406,146.6999969482422,146.72000122070312,146.72000122070312,6452
2024-04-19 12:24:00-04:00,146.6999969482422,146.75999450683594,146.6999969482422,146.74000549316406,146.74000549316406,11186
2024-04-19 12:25:00-04:00,146.75,146.82000732421875,146.74099731445312,146.82000732421875,146.82000732421875,17121
2024-04-19 12:26:00-04:00,146.8300018310547,146.83999633789062,146.75,146.8000030517578,146.8000030517578,13759
2024-04-19 12:27:00-04:00,146.7949981689453,146.8699951171875,146.77999877929688,146.86000061035156,146.86000061035156,20363
2024-04-19 12:28:00-04:00,146.8699951171875,146.9199981689453,146.82000732421875,146.9199981689453,146.9199981689453,11292
2024-04-19 12:29:00-04:00,146.9149932861328,146.94000244140625,146.86000061035156,146.86000061035156,146.86000061035156,14053
2024-04-19 12:30:00-04:00,146.875,146.89990234375,146.86000061035156,146.88999938964844,146.88999938964844,6856
2024-04-19 12:31:00-04:00,146.8800048828125,146.91000366210938,146.80499267578125,146.80999755859375,146.80999755859375,11611
2024-04-19 12:32:00-04:00,146.8000030517578,146.80999755859375,146.7100067138672,146.72000122070312,146.72000122070312,9701
2024-04-19 12:33:00-04:00,146.72999572753906,146.77000427246094,146.72999572753906,146.72999572753906,146.72999572753906,6637
2024-04-19 12:34:00-04:00,146.74000549316406,146.7899932861328,146.74000549316406,146.7899932861328,146.7899932861328,4717
2024-04-19 12:35:00-04:00,146.7899932861328,146.80999755859375,146.75,146.77999877929688,146.77999877929688,8765
2024-04-19 12:36:00-04:00,146.77999877929688,146.7899932861328,146.75,146.75,146.75,6670
2024-04-19 12:37:00-04:00,146.75,146.77000427246094,146.74000549316406,146.75,146.75,10379
2024-04-19 12:38:00-04:00,146.77000427246094,146.8000030517578,146.75079345703125,146.78140258789062,146.78140258789062,4409
2024-04-19 12:39:00-04:00,146.77000427246094,146.8300018310547,146.75999450683594,146.81500244140625,146.81500244140625,20645
2024-04-19 12:40:00-04:00,146.82000732421875,146.85000610351562,146.82000732421875,146.82000732421875,146.82000732421875,6562
2024-04-19 12:41:00-04:00,146.8271026611328,146.83999633789062,146.77999877929688,146.7899932861328,146.7899932861328,11392
2024-04-19 12:42:00-04:00,146.80999755859375,146.89500427246094,146.80999755859375,146.89500427246094,146.89500427246094,9329
2024-04-19 12:43:00-04:00,146.8699951171875,146.8800048828125,146.84500122070312,146.8800048828125,146.8800048828125,5881
2024-04-19 12:44:00-04:00,146.8699951171875,146.91990661621094,146.8699951171875,146.91000366210938,146.91000366210938,12726
2024-04-19 12:45:00-04:00,146.89999389648438,146.94000244140625,146.89999389648438,146.94000244140625,146.94000244140625,5404
2024-04-19 12:46:00-04:00,146.93299865722656,146.9499969482422,146.89999389648438,146.9149932861328,146.9149932861328,10723
2024-04-19 12:47:00-04:00,146.91000366210938,146.9149932861328,146.85000610351562,146.85000610351562,146.85000610351562,26128
2024-04-19 12:48:00-04:00,146.83999633789062,146.85000610351562,146.82000732421875,146.83999633789062,146.83999633789062,6068
2024-04-19 12:49:00-04:00,146.83999633789062,146.85000610351562,146.77999877929688,146.80999755859375,146.80999755859375,8918
2024-04-19 12:50:00-04:00,146.83999633789062,147.02000427246094,146.8300018310547,147.0,147.0,24814
2024-04-19 12:51:00-04:00,147.00999450683594,147.0800018310547,147.00999450683594,147.0500030517578,147.0500030517578,7478
2024-04-19 12:52:00-04:00,147.0500030517578,147.1199951171875,147.04469299316406,147.1011962890625,147.1011962890625,11113
2024-04-19 12:53:00-04:00,147.10000610351562,147.11000061035156,147.0709991455078,147.0709991455078,147.0709991455078,7496
2024-04-19 12:54:00-04:00,147.0749969482422,147.0749969482422,146.8699951171875,146.88999938964844,146.88999938964844,11091
2024-04-19 12:55:00-04:00,146.89999389648438,146.9499969482422,146.88999938964844,146.9499969482422,146.9499969482422,22888
2024-04-19 12:56:00-04:00,146.9550018310547,147.0500030517578,146.9550018310547,147.0500030517578,147.0500030517578,9894
2024-04-19 12:57:00-04:00,147.0500030517578,147.0749969482422,147.02000427246094,147.02999877929688,147.02999877929688,11004
2024-04-19 12:58:00-04:00,147.02999877929688,147.0399932861328,147.0,147.0,147.0,6520
2024-04-19 12:59:00-04:00,147.0,147.02999877929688,146.97999572753906,147.00999450683594,147.00999450683594,12904
2024-04-19 13:00:00-04:00,147.00999450683594,147.02999877929688,146.99000549316406,147.02000427246094,147.02000427246094,6344
2024-04-19 13:01:00-04:00,147.02999877929688,147.0800018310547,146.99000549316406,147.01890563964844,147.01890563964844,8494
2024-04-19 13:02:00-04:00,147.00999450683594,147.0299072265625,146.99000549316406,147.0,147.0,7032
2024-04-19 13:03:00-04:00,147.00999450683594,147.11000061035156,147.00999450683594,147.08999633789062,147.08999633789062,7415
2024-04-19 13:04:00-04:00,147.08999633789062,147.14999389648438,147.08999633789062,147.10499572753906,147.10499572753906,8820
2024-04-19 13:05:00-04:00,147.11000061035156,147.1699981689453,147.08999633789062,147.1699981689453,147.1699981689453,8755
2024-04-19 13:06:00-04:00,147.1649932861328,147.1699981689453,147.08999633789062,147.08999633789062,147.08999633789062,5413
2024-04-19 13:07:00-04:00,147.11000061035156,147.1300048828125,147.11000061035156,147.11740112304688,147.11740112304688,4895
2024-04-19 13:08:00-04:00,147.1300048828125,147.17999267578125,147.1300048828125,147.16000366210938,147.16000366210938,13691
2024-04-19 13:09:00-04:00,147.16000366210938,147.1999969482422,147.13999938964844,147.1999969482422,147.1999969482422,13111
2024-04-19 13:10:00-04:00,147.1999969482422,147.24000549316406,147.1999969482422,147.22000122070312,147.22000122070312,12193
2024-04-19 13:11:00-04:00,147.22000122070312,147.24000549316406,147.14999389648438,147.14999389648438,147.14999389648438,23443
2024-04-19 13:12:00-04:00,147.13999938964844,147.1699981689453,147.07000732421875,147.0800018310547,147.0800018310547,10289
2024-04-19 13:13:00-04:00,147.05999755859375,147.10659790039062,147.0583953857422,147.0800018310547,147.0800018310547,6879
2024-04-19 13:14:00-04:00,147.08999633789062,147.125,147.08999633789062,147.10000610351562,147.10000610351562,3886
2024-04-19 13:15:00-04:00,147.1199951171875,147.14999389648438,147.07000732421875,147.07000732421875,147.07000732421875,11884
2024-04-19 13:16:00-04:00,147.05999755859375,147.08999633789062,147.0500030517578,147.0500030517578,147.0500030517578,11956
2024-04-19 13:17:00-04:00,147.0500030517578,147.0800018310547,147.0399932861328,147.0800018310547,147.0800018310547,15474
2024-04-19 13:18:00-04:00,147.0800018310547,147.1999969482422,147.07229614257812,147.16000366210938,147.16000366210938,17812
2024-04-19 13:19:00-04:00,147.14999389648438,147.17999267578125,147.1199951171875,147.1699981689453,147.1699981689453,7095
2024-04-19 13:20:00-04:00,147.17999267578125,147.2100067138672,147.17999267578125,147.1898956298828,147.1898956298828,7860
2024-04-19 13:21:00-04:00,147.19000244140625,147.19000244140625,147.1199951171875,147.125,147.125,6374
2024-04-19 13:22:00-04:00,147.12249755859375,147.125,147.0500030517578,147.0800018310547,147.0800018310547,7694
2024-04-19 13:23:00-04:00,147.08999633789062,147.11000061035156,147.06500244140625,147.07000732421875,147.07000732421875,10305
2024-04-19 13:24:00-04:00,147.06500244140625,147.11000061035156,147.06500244140625,147.08999633789062,147.08999633789062,3695
2024-04-19 13:25:00-04:00,147.10000610351562,147.11000061035156,147.0800018310547,147.11000061035156,147.11000061035156,7838
2024-04-19 13:26:00-04:00,147.11000061035156,147.11000061035156,146.99000549316406,147.00999450683594,147.00999450683594,25893
2024-04-19 13:27:00-04:00,147.0050048828125,147.0050048828125,146.92999267578125,146.94000244140625,146.94000244140625,7685
2024-04-19 13:28:00-04:00,146.94500732421875,146.9600067138672,146.80999755859375,146.82000732421875,146.82000732421875,27789
2024-04-19 13:29:00-04:00,146.80999755859375,146.8699951171875,146.8000030517578,146.8699951171875,146.8699951171875,12777
2024-04-19 13:30:00-04:00,146.86500549316406,146.9600067138672,146.86500549316406,146.9600067138672,146.9600067138672,6763
2024-04-19 13:31:00-04:00,146.9499969482422,146.9799041748047,146.91000366210938,146.92999267578125,146.92999267578125,4882
2024-04-19 13:32:00-04:00,146.9199981689453,146.92999267578125,146.8903045654297,146.9199981689453,146.9199981689453,6150
2024-04-19 13:33:00-04:00,146.9199981689453,146.99000549316406,146.91299438476562,146.97149658203125,146.97149658203125,7781
2024-04-19 13:34:00-04:00,146.9600067138672,146.99000549316406,146.9199981689453,146.92999267578125,146.92999267578125,9310
2024-04-19 13:35:00-04:00,146.93499755859375,146.93499755859375,146.8800048828125,146.88999938964844,146.88999938964844,5648
2024-04-19 13:36:00-04:00,146.88999938964844,146.9499969482422,146.88999938964844,146.93499755859375,146.93499755859375,4904
2024-04-19 13:37:00-04:00,146.9499969482422,146.97000122070312,146.9250030517578,146.92999267578125,146.92999267578125,4729
2024-04-19 13:38:00-04:00,146.9199981689453,146.9250030517578,146.91000366210938,146.91000366210938,146.91000366210938,2971
2024-04-19 13:39:00-04:00,146.92999267578125,146.94000244140625,146.89999389648438,146.91000366210938,146.91000366210938,3641
2024-04-19 13:40:00-04:00,146.9199981689453,146.9499969482422,146.89999389648438,146.91000366210938,146.91000366210938,6369
2024-04-19 13:41:00-04:00,146.9199981689453,146.94000244140625,146.91000366210938,146.91000366210938,146.91000366210938,3621
2024-04-19 13:42:00-04:00,146.89999389648438,146.9600067138672,146.89999389648438,146.9600067138672,146.9600067138672,4314
2024-04-19 13:43:00-04:00,146.9600067138672,146.97000122070312,146.85350036621094,146.86500549316406,146.86500549316406,19186
2024-04-19 13:44:00-04:00,146.86239624023438,146.89999389648438,146.86239624023438,146.88999938964844,146.88999938964844,5616
2024-04-19 13:45:00-04:00,146.8699951171875,146.9199981689453,146.86000061035156,146.91000366210938,146.91000366210938,6631
2024-04-19 13:46:00-04:00,146.91000366210938,147.02999877929688,146.91000366210938,147.00999450683594,147.00999450683594,7240
2024-04-19 13:47:00-04:00,147.00999450683594,147.00999450683594,146.9801025390625,147.0,147.0,4854
2024-04-19 13:48:00-04:00,147.00999450683594,147.1300048828125,147.00999450683594,147.0850067138672,147.0850067138672,28822
2024-04-19 13:49:00-04:00,147.0749969482422,147.10000610351562,147.0500030517578,147.0800018310547,147.0800018310547,7388
2024-04-19 13:50:00-04:00,147.07000732421875,147.1199951171875,147.07000732421875,147.0800018310547,147.0800018310547,6008
2024-04-19 13:51:00-04:00,147.10000610351562,147.14999389648438,147.08999633789062,147.14999389648438,147.14999389648438,6897
2024-04-19 13:52:00-04:00,147.14999389648438,147.19000244140625,147.1199951171875,147.17999267578125,147.17999267578125,11181
2024-04-19 13:53:00-04:00,147.1699981689453,147.1699981689453,147.13999938964844,147.16000366210938,147.16000366210938,3365
2024-04-19 13:54:00-04:00,147.1699981689453,147.1999969482422,147.1699981689453,147.19000244140625,147.19000244140625,7822
2024-04-19 13:55:00-04:00,147.1999969482422,147.22000122070312,147.13999938964844,147.1699981689453,147.1699981689453,5287
2024-04-19 13:56:00-04:00,147.16000366210938,147.19000244140625,147.10000610351562,147.11000061035156,147.11000061035156,10402
2024-04-19 13:57:00-04:00,147.11000061035156,147.1199951171875,147.05999755859375,147.08999633789062,147.08999633789062,11473
2024-04-19 13:58:00-04:00,147.10000610351562,147.14999389648438,147.08999633789062,147.1199951171875,147.1199951171875,5319
2024-04-19 13:59:00-04:00,147.11000061035156,147.14999389648438,147.11000061035156,147.13290405273438,147.13290405273438,3925
2024-04-19 14:00:00-04:00,147.125,147.125,146.9600067138672,146.99000549316406,146.99000549316406,10256
2024-04-19 14:01:00-04:00,146.99000549316406,146.99000549316406,146.94000244140625,146.97500610351562,146.97500610351562,6285
2024-04-19 14:02:00-04:00,146.97999572753906,147.00999450683594,146.97000122070312,146.97999572753906,146.97999572753906,10368
2024-04-19 14:03:00-04:00,146.99000549316406,147.02000427246094,146.9600067138672,146.9600067138672,146.9600067138672,9417
2024-04-19 14:04:00-04:00,146.97000122070312,147.02000427246094,146.9600067138672,147.00999450683594,147.00999450683594,6709
2024-04-19 14:05:00-04:00,147.01499938964844,147.10000610351562,147.01499938964844,147.10000610351562,147.10000610351562,113572
2024-04-19 14:06:00-04:00,147.10000610351562,147.13999938964844,147.08999633789062,147.08999633789062,147.08999633789062,7066
2024-04-19 14:07:00-04:00,147.0800018310547,147.22000122070312,147.0800018310547,147.22000122070312,147.22000122070312,16935
2024-04-19 14:08:00-04:00,147.2100067138672,147.2100067138672,147.13999938964844,147.13999938964844,147.13999938964844,8434
2024-04-19 14:09:00-04:00,147.1300048828125,147.16000366210938,147.08999633789062,147.08999633789062,147.08999633789062,8321
2024-04-19 14:10:00-04:00,147.0800018310547,147.13999938964844,147.05999755859375,147.06500244140625,147.06500244140625,8468
2024-04-19 14:11:00-04:00,147.05999755859375,147.08999633789062,147.02999877929688,147.02999877929688,147.02999877929688,4443
2024-04-19 14:12:00-04:00,147.0399932861328,147.10989379882812,147.0399932861328,147.06500244140625,147.06500244140625,4709
2024-04-19 14:13:00-04:00,147.0699005126953,147.11000061035156,147.0699005126953,147.07000732421875,147.07000732421875,5614
2024-04-19 14:14:00-04:00,147.05999755859375,147.1024932861328,147.05999755859375,147.08999633789062,147.08999633789062,5614
2024-04-19 14:15:00-04:00,147.08999633789062,147.13999938964844,147.07000732421875,147.13999938964844,147.13999938964844,8539
2024-04-19 14:16:00-04:00,147.13999938964844,147.13999938964844,147.07000732421875,147.1199951171875,147.1199951171875,9213
2024-04-19 14:17:00-04:00,147.1199951171875,147.1199951171875,147.10000610351562,147.11000061035156,147.11000061035156,7373
2024-04-19 14:18:00-04:00,147.10000610351562,147.1699981689453,147.10000610351562,147.1699981689453,147.1699981689453,5705
2024-04-19 14:19:00-04:00,147.17999267578125,147.1999969482422,147.16000366210938,147.19000244140625,147.19000244140625,8619
2024-04-19 14:20:00-04:00,147.19000244140625,147.1999969482422,147.14999389648438,147.17999267578125,147.17999267578125,9353
2024-04-19 14:21:00-04:00,147.16000366210938,147.25999450683594,147.14999389648438,147.25,147.25,24810
2024-04-19 14:22:00-04:00,147.25999450683594,147.27999877929688,147.24000549316406,147.26499938964844,147.26499938964844,9684
2024-04-19 14:23:00-04:00,147.25,147.30999755859375,147.22999572753906,147.3000030517578,147.3000030517578,30386
2024-04-19 14:24:00-04:00,147.3000030517578,147.35000610351562,147.2899932861328,147.35000610351562,147.35000610351562,14609
2024-04-19 14:25:00-04:00,147.33999633789062,147.33999633789062,147.27999877929688,147.32000732421875,147.32000732421875,17170
2024-04-19 14:26:00-04:00,147.32000732421875,147.35000610351562,147.2967987060547,147.35000610351562,147.35000610351562,12135
2024-04-19 14:27:00-04:00,147.34230041503906,147.36000061035156,147.30999755859375,147.3350067138672,147.3350067138672,9214
2024-04-19 14:28:00-04:00,147.35000610351562,147.40969848632812,147.3000030517578,147.30999755859375,147.30999755859375,43992
2024-04-19 14:29:00-04:00,147.30999755859375,147.3800048828125,147.27999877929688,147.32009887695312,147.32009887695312,15056
2024-04-19 14:30:00-04:00,147.33999633789062,147.41000366210938,147.30999755859375,147.41000366210938,147.41000366210938,15547
2024-04-19 14:31:00-04:00,147.41000366210938,147.44000244140625,147.39999389648438,147.39999389648438,147.39999389648438,29708
2024-04-19 14:32:00-04:00,147.40499877929688,147.47720336914062,147.39999389648438,147.4499969482422,147.4499969482422,61885
2024-04-19 14:33:00-04:00,147.4499969482422,147.47999572753906,147.4302978515625,147.44479370117188,147.44479370117188,19632
2024-04-19 14:34:00-04:00,147.44000244140625,147.47000122070312,147.44000244140625,147.4600067138672,147.4600067138672,8452
2024-04-19 14:35:00-04:00,147.4600067138672,147.4600067138672,147.3699951171875,147.3800048828125,147.3800048828125,19913
2024-04-19 14:36:00-04:00,147.3800048828125,147.3800048828125,147.32000732421875,147.3798065185547,147.3798065185547,13747
2024-04-19 14:37:00-04:00,147.3800048828125,147.42630004882812,147.36500549316406,147.41000366210938,147.41000366210938,11535
2024-04-19 14:38:00-04:00,147.4149932861328,147.44000244140625,147.375,147.41000366210938,147.41000366210938,15329
2024-04-19 14:39:00-04:00,147.41000366210938,147.44000244140625,147.38999938964844,147.41000366210938,147.41000366210938,10142
2024-04-19 14:40:00-04:00,147.41000366210938,147.42999267578125,147.3699951171875,147.37620544433594,147.37620544433594,20841
2024-04-19 14:41:00-04:00,147.3699951171875,147.4149932861328,147.32000732421875,147.4149932861328,147.4149932861328,19310
2024-04-19 14:42:00-04:00,147.4199981689453,147.44000244140625,147.3800048828125,147.4199981689453,147.4199981689453,19487
2024-04-19 14:43:00-04:00,147.4199981689453,147.52499389648438,147.39999389648438,147.52000427246094,147.52000427246094,20287
2024-04-19 14:44:00-04:00,147.52000427246094,147.6300048828125,147.52000427246094,147.6199951171875,147.6199951171875,20647
2024-04-19 14:45:00-04:00,147.625,147.64999389648438,147.49000549316406,147.52000427246094,147.52000427246094,36758
2024-04-19 14:46:00-04:00,147.50999450683594,147.5399932861328,147.4499969482422,147.5399932861328,147.5399932861328,15195
2024-04-19 14:47:00-04:00,147.52999877929688,147.5399932861328,147.39999389648438,147.4199981689453,147.4199981689453,20800
2024-04-19 14:48:00-04:00,147.4199981689453,147.5,147.41000366210938,147.5,147.5,13426
2024-04-19 14:49:00-04:00,147.47999572753906,147.60000610351562,147.4600067138672,147.55999755859375,147.55999755859375,18899
2024-04-19 14:50:00-04:00,147.55999755859375,147.57000732421875,147.4499969482422,147.4499969482422,147.4499969482422,9418
2024-04-19 14:51:00-04:00,147.4499969482422,147.47999572753906,147.4199981689453,147.46099853515625,147.46099853515625,22413
2024-04-19 14:52:00-04:00,147.4550018310547,147.539794921875,147.4499969482422,147.47999572753906,147.47999572753906,14941
2024-04-19 14:53:00-04:00,147.47000122070312,147.47000122070312,147.38999938964844,147.4199981689453,147.4199981689453,19380
2024-04-19 14:54:00-04:00,147.42999267578125,147.47000122070312,147.41000366210938,147.4499969482422,147.4499969482422,18809
2024-04-19 14:55:00-04:00,147.44000244140625,147.5500030517578,147.42999267578125,147.52000427246094,147.52000427246094,18521
2024-04-19 14:56:00-04:00,147.52000427246094,147.52000427246094,147.30999755859375,147.38999938964844,147.38999938964844,66735
2024-04-19 14:57:00-04:00,147.38999938964844,147.44000244140625,147.3699951171875,147.38999938964844,147.38999938964844,12747
2024-04-19 14:58:00-04:00,147.38999938964844,147.4199981689453,147.3699951171875,147.40499877929688,147.40499877929688,15030
2024-04-19 14:59:00-04:00,147.40499877929688,147.47000122070312,147.39999389648438,147.4600067138672,147.4600067138672,17686
2024-04-19 15:00:00-04:00,147.47000122070312,147.57000732421875,147.47000122070312,147.55999755859375,147.55999755859375,23516
2024-04-19 15:01:00-04:00,147.5500030517578,147.61000061035156,147.52000427246094,147.5500030517578,147.5500030517578,19474
2024-04-19 15:02:00-04:00,147.5399932861328,147.60000610351562,147.5399932861328,147.5800018310547,147.5800018310547,10728
2024-04-19 15:03:00-04:00,147.58999633789062,147.6300048828125,147.58999633789062,147.6300048828125,147.6300048828125,8715
2024-04-19 15:04:00-04:00,147.6300048828125,147.63999938964844,147.55960083007812,147.55999755859375,147.55999755859375,21300
2024-04-19 15:05:00-04:00,147.55999755859375,147.55999755859375,147.4600067138672,147.5399932861328,147.5399932861328,42371
2024-04-19 15:06:00-04:00,147.5399932861328,147.54010009765625,147.47000122070312,147.5399932861328,147.5399932861328,14297
2024-04-19 15:07:00-04:00,147.5399932861328,147.5496063232422,147.5,147.52999877929688,147.52999877929688,13200
2024-04-19 15:08:00-04:00,147.52999877929688,147.5399932861328,147.3800048828125,147.41000366210938,147.41000366210938,18168
2024-04-19 15:09:00-04:00,147.41000366210938,147.4499969482422,147.38189697265625,147.4199981689453,147.4199981689453,14761
2024-04-19 15:10:00-04:00,147.4199981689453,147.44000244140625,147.39999389648438,147.41000366210938,147.41000366210938,16995
2024-04-19 15:11:00-04:00,147.39999389648438,147.42999267578125,147.3800048828125,147.39999389648438,147.39999389648438,18611
2024-04-19 15:12:00-04:00,147.41000366210938,147.4199981689453,147.3800048828125,147.39999389648438,147.39999389648438,14987
2024-04-19 15:13:00-04:00,147.3800048828125,147.44000244140625,147.3699951171875,147.41000366210938,147.41000366210938,19186
2024-04-19 15:14:00-04:00,147.39999389648438,147.42999267578125,147.3800048828125,147.39999389648438,147.39999389648438,43268
2024-04-19 15:15:00-04:00,147.39999389648438,147.4199981689453,147.30999755859375,147.41000366210938,147.41000366210938,27862
2024-04-19 15:16:00-04:00,147.4199981689453,147.4232940673828,147.3800048828125,147.41000366210938,147.41000366210938,14604
2024-04-19 15:17:00-04:00,147.39999389648438,147.4499969482422,147.38999938964844,147.4499969482422,147.4499969482422,8645
2024-04-19 15:18:00-04:00,147.44500732421875,147.47000122070312,147.41000366210938,147.4656982421875,147.4656982421875,15037
2024-04-19 15:19:00-04:00,147.4499969482422,147.49000549316406,147.4499969482422,147.47999572753906,147.47999572753906,14387
2024-04-19 15:20:00-04:00,147.49000549316406,147.52000427246094,147.47999572753906,147.50999450683594,147.50999450683594,14625
2024-04-19 15:21:00-04:00,147.5,147.50999450683594,147.47999572753906,147.50999450683594,147.50999450683594,8005
2024-04-19 15:22:00-04:00,147.5050048828125,147.5500030517578,147.5,147.51499938964844,147.51499938964844,15702
2024-04-19 15:23:00-04:00,147.50999450683594,147.52000427246094,147.49000549316406,147.50999450683594,147.50999450683594,18078
2024-04-19 15:24:00-04:00,147.50999450683594,147.52000427246094,147.4600067138672,147.47000122070312,147.47000122070312,17084
2024-04-19 15:25:00-04:00,147.46499633789062,147.5117950439453,147.4499969482422,147.49000549316406,147.49000549316406,20114
2024-04-19 15:26:00-04:00,147.49000549316406,147.6300048828125,147.49000549316406,147.60499572753906,147.60499572753906,18138
2024-04-19 15:27:00-04:00,147.60499572753906,147.63999938964844,147.60000610351562,147.60499572753906,147.60499572753906,10796
2024-04-19 15:28:00-04:00,147.60000610351562,147.648193359375,147.58999633789062,147.63999938964844,147.63999938964844,17608
2024-04-19 15:29:00-04:00,147.63999938964844,147.6699981689453,147.5800018310547,147.5800018310547,147.5800018310547,12633
2024-04-19 15:30:00-04:00,147.5749969482422,147.5800018310547,147.5,147.5,147.5,32520
2024-04-19 15:31:00-04:00,147.50999450683594,147.52999877929688,147.5,147.51499938964844,147.51499938964844,43664
2024-04-19 15:32:00-04:00,147.50999450683594,147.55999755859375,147.48849487304688,147.49000549316406,147.49000549316406,45617
2024-04-19 15:33:00-04:00,147.5,147.5800018310547,147.47999572753906,147.57000732421875,147.57000732421875,19534
2024-04-19 15:34:00-04:00,147.55999755859375,147.64999389648438,147.52999877929688,147.63999938964844,147.63999938964844,32278
2024-04-19 15:35:00-04:00,147.63999938964844,147.72000122070312,147.6300048828125,147.64999389648438,147.64999389648438,27822
2024-04-19 15:36:00-04:00,147.6300048828125,147.63999938964844,147.4199981689453,147.5399932861328,147.5399932861328,26467
2024-04-19 15:37:00-04:00,147.5500030517578,147.72999572753906,147.5500030517578,147.72999572753906,147.72999572753906,19385
2024-04-19 15:38:00-04:00,147.72999572753906,147.75990295410156,147.66000366210938,147.6699981689453,147.6699981689453,24696
2024-04-19 15:39:00-04:00,147.64999389648438,147.65499877929688,147.56500244140625,147.6300048828125,147.6300048828125,25720
2024-04-19 15:40:00-04:00,147.6199951171875,147.63999938964844,147.59500122070312,147.6199951171875,147.6199951171875,24963
2024-04-19 15:41:00-04:00,147.6199951171875,147.64999389648438,147.55999755859375,147.60499572753906,147.60499572753906,21966
2024-04-19 15:42:00-04:00,147.6199951171875,147.66000366210938,147.61000061035156,147.66000366210938,147.66000366210938,20509
2024-04-19 15:43:00-04:00,147.66000366210938,147.6916046142578,147.63999938964844,147.6916046142578,147.6916046142578,18605
2024-04-19 15:44:00-04:00,147.6750030517578,147.75,147.63999938964844,147.7082977294922,147.7082977294922,26146
2024-04-19 15:45:00-04:00,147.7100067138672,147.72000122070312,147.66000366210938,147.6699981689453,147.6699981689453,53362
2024-04-19 15:46:00-04:00,147.66000366210938,147.75999450683594,147.66000366210938,147.75,147.75,24339
2024-04-19 15:47:00-04:00,147.77000427246094,147.89999389648438,147.75,147.88999938964844,147.88999938964844,38885
2024-04-19 15:48:00-04:00,147.89500427246094,147.91000366210938,147.8300018310547,147.84500122070312,147.84500122070312,40425
2024-04-19 15:49:00-04:00,147.85000610351562,147.86500549316406,147.77999877929688,147.80499267578125,147.80499267578125,36644
2024-04-19 15:50:00-04:00,147.8000030517578,147.85499572753906,147.72000122070312,147.85499572753906,147.85499572753906,59795
2024-04-19 15:51:00-04:00,147.86000061035156,147.8699951171875,147.7899932861328,147.7899932861328,147.7899932861328,63230
2024-04-19 15:52:00-04:00,147.7899932861328,147.82000732421875,147.7899932861328,147.80999755859375,147.80999755859375,27662
2024-04-19 15:53:00-04:00,147.80999755859375,147.83999633789062,147.72999572753906,147.81500244140625,147.81500244140625,47013
2024-04-19 15:54:00-04:00,147.80999755859375,147.86000061035156,147.78500366210938,147.8300018310547,147.8300018310547,63900
2024-04-19 15:55:00-04:00,147.82949829101562,147.8699951171875,147.77999877929688,147.85000610351562,147.85000610351562,84421
2024-04-19 15:56:00-04:00,147.86000061035156,147.8699951171875,147.75,147.8699951171875,147.8699951171875,80552
2024-04-19 15:57:00-04:00,147.86000061035156,147.9499969482422,147.85000610351562,147.86000061035156,147.86000061035156,99296
2024-04-19 15:58:00-04:00,147.86000061035156,147.8699951171875,147.8000030517578,147.82000732421875,147.82000732421875,105657
2024-04-19 15:59:00-04:00,147.82000732421875,148.1300048828125,147.80999755859375,147.9199981689453,147.9199981689453,350136
2024-04-22 09:30:00-04:00,148.27499389648438,148.27499389648438,148.27499389648438,148.27499389648438,148.27499389648438,484921
2024-04-22 09:31:00-04:00,148.3300018310547,148.33999633789062,147.92999267578125,147.94000244140625,147.94000244140625,10316
2024-04-22 09:32:00-04:00,147.97999572753906,148.152099609375,147.97999572753906,148.0749969482422,148.0749969482422,20496
2024-04-22 09:33:00-04:00,148.00999450683594,148.13999938964844,147.97000122070312,148.11000061035156,148.11000061035156,10861
2024-04-22 09:34:00-04:00,148.13499450683594,148.32000732421875,148.0399932861328,148.2100067138672,148.2100067138672,19777
2024-04-22 09:35:00-04:00,148.24000549316406,148.25,148.07069396972656,148.19000244140625,148.19000244140625,17420
2024-04-22 09:36:00-04:00,148.17999267578125,148.17999267578125,147.7899932861328,147.94000244140625,147.94000244140625,22414
2024-04-22 09:37:00-04:00,147.9499969482422,148.0399932861328,147.8000030517578,148.0399932861328,148.0399932861328,25698
2024-04-22 09:38:00-04:00,148.07000732421875,148.08999633789062,147.77000427246094,147.77000427246094,147.77000427246094,11614
2024-04-22 09:39:00-04:00,147.75999450683594,147.77000427246094,147.60000610351562,147.64999389648438,147.64999389648438,14902
2024-04-22 09:40:00-04:00,147.610595703125,147.64999389648438,147.47999572753906,147.63999938964844,147.63999938964844,15529
2024-04-22 09:41:00-04:00,147.63999938964844,147.8000030517578,147.61000061035156,147.74000549316406,147.74000549316406,25434
2024-04-22 09:42:00-04:00,147.72999572753906,147.8000030517578,147.63999938964844,147.6699981689453,147.6699981689453,17112
2024-04-22 09:43:00-04:00,147.66000366210938,147.75999450683594,147.66000366210938,147.75,147.75,13681
2024-04-22 09:44:00-04:00,147.72999572753906,147.77000427246094,147.6300048828125,147.7100067138672,147.7100067138672,13148
2024-04-22 09:45:00-04:00,147.7100067138672,147.72999572753906,147.5399932861328,147.59500122070312,147.59500122070312,22955
2024-04-22 09:46:00-04:00,147.61000061035156,147.69000244140625,147.53720092773438,147.53720092773438,147.53720092773438,15837
2024-04-22 09:47:00-04:00,147.52000427246094,147.61000061035156,147.50999450683594,147.5800018310547,147.5800018310547,42126
2024-04-22 09:48:00-04:00,147.52000427246094,147.57000732421875,147.4199981689453,147.4199981689453,147.4199981689453,18117
2024-04-22 09:49:00-04:00,147.4199981689453,147.5,147.3800048828125,147.38999938964844,147.38999938964844,36486
2024-04-22 09:50:00-04:00,147.38999938964844,147.4499969482422,147.3000030517578,147.32000732421875,147.32000732421875,34857
2024-04-22 09:51:00-04:00,147.3300018310547,147.42999267578125,147.30999755859375,147.42999267578125,147.42999267578125,35465
2024-04-22 09:52:00-04:00,147.4499969482422,147.57000732421875,147.4199981689453,147.47459411621094,147.47459411621094,32463
2024-04-22 09:53:00-04:00,147.44000244140625,147.63999938964844,147.44000244140625,147.63999938964844,147.63999938964844,10025
2024-04-22 09:54:00-04:00,147.69000244140625,147.8000030517578,147.69000244140625,147.7899932861328,147.7899932861328,20954
2024-04-22 09:55:00-04:00,147.77999877929688,148.02000427246094,147.77999877929688,148.0050048828125,148.0050048828125,28381
2024-04-22 09:56:00-04:00,147.9600067138672,147.9600067138672,147.83999633789062,147.88999938964844,147.88999938964844,28474
2024-04-22 09:57:00-04:00,147.88999938964844,148.05999755859375,147.88999938964844,148.05499267578125,148.05499267578125,33241
2024-04-22 09:58:00-04:00,148.02999877929688,148.0500030517578,147.9499969482422,147.9499969482422,147.9499969482422,10884
2024-04-22 09:59:00-04:00,147.97000122070312,148.00999450683594,147.83999633789062,148.00999450683594,148.00999450683594,21350
2024-04-22 10:00:00-04:00,147.9949951171875,148.0399932861328,147.9600067138672,148.0,148.0,11812
2024-04-22 10:01:00-04:00,147.97000122070312,148.0,147.94000244140625,147.99000549316406,147.99000549316406,12201
2024-04-22 10:02:00-04:00,147.97999572753906,148.00999450683594,147.92999267578125,147.99000549316406,147.99000549316406,13220
2024-04-22 10:03:00-04:00,148.0,148.1300048828125,147.99000549316406,148.1300048828125,148.1300048828125,13285
2024-04-22 10:04:00-04:00,148.1300048828125,148.14999389648438,148.09500122070312,148.10989379882812,148.10989379882812,7068
2024-04-22 10:05:00-04:00,148.11000061035156,148.22999572753906,148.09500122070312,148.22000122070312,148.22000122070312,18267
2024-04-22 10:06:00-04:00,148.22000122070312,148.27000427246094,148.1999969482422,148.25999450683594,148.25999450683594,19751
2024-04-22 10:07:00-04:00,148.24000549316406,148.2899932861328,148.22999572753906,148.27499389648438,148.27499389648438,16466
2024-04-22 10:08:00-04:00,148.27000427246094,148.47999572753906,148.2220001220703,148.4499969482422,148.4499969482422,17776
2024-04-22 10:09:00-04:00,148.4550018310547,148.5399932861328,148.44000244140625,148.50999450683594,148.50999450683594,14229
2024-04-22 10:10:00-04:00,148.52000427246094,148.52999877929688,148.47000122070312,148.5,148.5,15613
2024-04-22 10:11:00-04:00,148.52589416503906,148.52589416503906,148.44000244140625,148.47500610351562,148.47500610351562,12165
2024-04-22 10:12:00-04:00,148.4600067138672,148.47000122070312,148.36000061035156,148.41000366210938,148.41000366210938,15034
2024-04-22 10:13:00-04:00,148.39500427246094,148.42999267578125,148.33999633789062,148.4199981689453,148.4199981689453,15989
2024-04-22 10:14:00-04:00,148.39999389648438,148.4949951171875,148.39999389648438,148.49000549316406,148.49000549316406,9574
2024-04-22 10:15:00-04:00,148.47999572753906,148.49000549316406,148.39999389648438,148.39999389648438,148.39999389648438,10191
2024-04-22 10:16:00-04:00,148.39999389648438,148.42999267578125,148.36000061035156,148.39999389648438,148.39999389648438,32986
2024-04-22 10:17:00-04:00,148.3800048828125,148.3800048828125,148.25999450683594,148.35000610351562,148.35000610351562,15127
2024-04-22 10:18:00-04:00,148.34500122070312,148.49000549316406,148.3300018310547,148.49000549316406,148.49000549316406,18754
2024-04-22 10:19:00-04:00,148.5,148.50999450683594,148.4550018310547,148.50999450683594,148.50999450683594,12794
2024-04-22 10:20:00-04:00,148.50999450683594,148.58999633789062,148.50999450683594,148.5449981689453,148.5449981689453,15259
2024-04-22 10:21:00-04:00,148.52999877929688,148.5500030517578,148.42999267578125,148.4550018310547,148.4550018310547,23987
2024-04-22 10:22:00-04:00,148.47999572753906,148.58999633789062,148.47000122070312,148.58999633789062,148.58999633789062,17392
2024-04-22 10:23:00-04:00,148.61000061035156,148.63999938964844,148.5540008544922,148.6300048828125,148.6300048828125,14717
2024-04-22 10:24:00-04:00,148.63999938964844,148.82000732421875,148.63999938964844,148.82000732421875,148.82000732421875,16626
2024-04-22 10:25:00-04:00,148.80999755859375,148.83999633789062,148.75999450683594,148.8000030517578,148.8000030517578,12053
2024-04-22 10:26:00-04:00,148.7899932861328,148.8800048828125,148.77999877929688,148.77999877929688,148.77999877929688,13343
2024-04-22 10:27:00-04:00,148.80999755859375,148.8300018310547,148.7899932861328,148.80499267578125,148.80499267578125,9267
2024-04-22 10:28:00-04:00,148.80499267578125,148.88999938964844,148.80499267578125,148.86000061035156,148.86000061035156,11563
2024-04-22 10:29:00-04:00,148.85000610351562,148.8800048828125,148.7899932861328,148.80999755859375,148.80999755859375,10987
2024-04-22 10:30:00-04:00,148.7899932861328,148.79989624023438,148.7100067138672,148.73500061035156,148.73500061035156,19451
2024-04-22 10:31:00-04:00,148.73500061035156,148.83999633789062,148.72000122070312,148.83999633789062,148.83999633789062,10323
2024-04-22 10:32:00-04:00,148.85000610351562,148.9499969482422,148.85000610351562,148.93499755859375,148.93499755859375,14745
2024-04-22 10:33:00-04:00,148.9499969482422,148.97999572753906,148.91000366210938,148.9550018310547,148.9550018310547,36898
2024-04-22 10:34:00-04:00,148.94000244140625,148.9600067138672,148.9199981689453,148.9499969482422,148.9499969482422,22168
2024-04-22 10:35:00-04:00,148.9550018310547,148.98500061035156,148.89999389648438,148.97999572753906,148.97999572753906,18915
2024-04-22 10:36:00-04:00,148.97999572753906,149.05499267578125,148.9499969482422,149.03500366210938,149.03500366210938,28588
2024-04-22 10:37:00-04:00,149.0500030517578,149.05999755859375,149.02999877929688,149.05999755859375,149.05999755859375,15008
2024-04-22 10:38:00-04:00,149.07000732421875,149.16000366210938,149.05999755859375,149.16000366210938,149.16000366210938,12401
2024-04-22 10:39:00-04:00,149.1750030517578,149.2100067138672,149.13999938964844,149.19000244140625,149.19000244140625,24284
2024-04-22 10:40:00-04:00,149.18499755859375,149.19000244140625,149.0,149.02999877929688,149.02999877929688,41974
2024-04-22 10:41:00-04:00,149.0800018310547,149.0800018310547,149.02999877929688,149.06500244140625,149.06500244140625,43796
2024-04-22 10:42:00-04:00,149.05999755859375,149.11000061035156,148.8000030517578,148.8000030517578,148.8000030517578,25703
2024-04-22 10:43:00-04:00,148.82000732421875,148.9499969482422,148.8000030517578,148.94000244140625,148.94000244140625,13368
2024-04-22 10:44:00-04:00,148.9600067138672,148.97000122070312,148.91000366210938,148.96499633789062,148.96499633789062,15178
2024-04-22 10:45:00-04:00,148.9499969482422,149.02000427246094,148.88999938964844,148.91000366210938,148.91000366210938,24222
2024-04-22 10:46:00-04:00,148.9199981689453,149.00999450683594,148.91000366210938,148.9499969482422,148.9499969482422,18615
2024-04-22 10:47:00-04:00,148.9499969482422,148.97999572753906,148.91000366210938,148.97000122070312,148.97000122070312,14021
2024-04-22 10:48:00-04:00,148.9499969482422,149.02999877929688,148.9499969482422,149.02999877929688,149.02999877929688,14700
2024-04-22 10:49:00-04:00,149.0500030517578,149.08999633789062,149.02999877929688,149.0500030517578,149.0500030517578,14318
2024-04-22 10:50:00-04:00,149.0500030517578,149.1300048828125,149.0399932861328,149.1300048828125,149.1300048828125,8322
2024-04-22 10:51:00-04:00,149.1300048828125,149.1999969482422,149.1199951171875,149.1999969482422,149.1999969482422,12860
2024-04-22 10:52:00-04:00,149.2100067138672,149.25999450683594,149.16000366210938,149.25999450683594,149.25999450683594,16376
2024-04-22 10:53:00-04:00,149.27000427246094,149.3300018310547,149.25999450683594,149.27000427246094,149.27000427246094,12216
2024-04-22 10:54:00-04:00,149.3000030517578,149.3000030517578,149.1699981689453,149.1699981689453,149.1699981689453,16627
2024-04-22 10:55:00-04:00,149.18499755859375,149.2449951171875,149.1300048828125,149.22999572753906,149.22999572753906,10004
2024-04-22 10:56:00-04:00,149.25,149.27999877929688,149.2050018310547,149.2050018310547,149.2050018310547,13165
2024-04-22 10:57:00-04:00,149.19500732421875,149.27999877929688,149.1300048828125,149.27000427246094,149.27000427246094,13582
2024-04-22 10:58:00-04:00,149.25999450683594,149.35000610351562,149.24000549316406,149.3350067138672,149.3350067138672,10949
2024-04-22 10:59:00-04:00,149.3350067138672,149.3350067138672,149.19000244140625,149.2100067138672,149.2100067138672,11975
2024-04-22 11:00:00-04:00,149.19000244140625,149.19000244140625,149.13999938964844,149.17999267578125,149.17999267578125,12522
2024-04-22 11:01:00-04:00,149.1750030517578,149.26190185546875,149.13999938964844,149.25999450683594,149.25999450683594,15571
2024-04-22 11:02:00-04:00,149.27000427246094,149.27000427246094,149.2100067138672,149.22000122070312,149.22000122070312,13569
2024-04-22 11:03:00-04:00,149.2100067138672,149.21730041503906,149.15499877929688,149.15499877929688,149.15499877929688,9266
2024-04-22 11:04:00-04:00,149.15499877929688,149.1699981689453,149.13999938964844,149.1699981689453,149.1699981689453,9109
2024-04-22 11:05:00-04:00,149.17999267578125,149.24000549316406,149.17050170898438,149.22999572753906,149.22999572753906,9270
2024-04-22 11:06:00-04:00,149.23680114746094,149.23680114746094,149.16000366210938,149.17999267578125,149.17999267578125,10862
2024-04-22 11:07:00-04:00,149.16000366210938,149.22999572753906,149.1300048828125,149.22999572753906,149.22999572753906,16144
2024-04-22 11:08:00-04:00,149.22000122070312,149.22999572753906,149.14999389648438,149.15499877929688,149.15499877929688,8892
2024-04-22 11:09:00-04:00,149.1649932861328,149.1699981689453,149.11000061035156,149.14999389648438,149.14999389648438,16267
2024-04-22 11:10:00-04:00,149.1699981689453,149.23500061035156,149.1699981689453,149.23500061035156,149.23500061035156,10716
2024-04-22 11:11:00-04:00,149.22999572753906,149.24000549316406,149.14999389648438,149.16000366210938,149.16000366210938,14538
2024-04-22 11:12:00-04:00,149.16000366210938,149.16000366210938,149.08999633789062,149.125,149.125,14094
2024-04-22 11:13:00-04:00,149.1300048828125,149.16000366210938,149.1300048828125,149.13999938964844,149.13999938964844,11721
2024-04-22 11:14:00-04:00,149.14999389648438,149.1999969482422,149.14999389648438,149.17999267578125,149.17999267578125,10606
2024-04-22 11:15:00-04:00,149.18499755859375,149.22079467773438,149.17999267578125,149.22000122070312,149.22000122070312,10440
2024-04-22 11:16:00-04:00,149.22999572753906,149.22999572753906,149.10499572753906,149.11000061035156,149.11000061035156,10312
2024-04-22 11:17:00-04:00,149.10000610351562,149.11000061035156,149.0,149.08999633789062,149.08999633789062,16408
2024-04-22 11:18:00-04:00,149.0800018310547,149.1300048828125,149.05999755859375,149.1300048828125,149.1300048828125,13000
2024-04-22 11:19:00-04:00,149.1300048828125,149.17999267578125,149.1300048828125,149.14999389648438,149.14999389648438,7032
2024-04-22 11:20:00-04:00,149.14999389648438,149.2899932861328,149.14999389648438,149.27999877929688,149.27999877929688,20966
2024-04-22 11:21:00-04:00,149.25999450683594,149.27999877929688,149.22000122070312,149.22000122070312,149.22000122070312,7245
2024-04-22 11:22:00-04:00,149.22999572753906,149.22999572753906,149.139892578125,149.13999938964844,149.13999938964844,11114
2024-04-22 11:23:00-04:00,149.13999938964844,149.16000366210938,149.1199951171875,149.13409423828125,149.13409423828125,15005
2024-04-22 11:24:00-04:00,149.13999938964844,149.19000244140625,149.13999938964844,149.17999267578125,149.17999267578125,11071
2024-04-22 11:25:00-04:00,149.1699981689453,149.19000244140625,149.11439514160156,149.17999267578125,149.17999267578125,11282
2024-04-22 11:26:00-04:00,149.17999267578125,149.17999267578125,149.11000061035156,149.1300048828125,149.1300048828125,9961
2024-04-22 11:27:00-04:00,149.13999938964844,149.14999389648438,149.10000610351562,149.1300048828125,149.1300048828125,10362
2024-04-22 11:28:00-04:00,149.13999938964844,149.13999938964844,149.1199951171875,149.1199951171875,149.1199951171875,11718
2024-04-22 11:29:00-04:00,149.11990356445312,149.17999267578125,149.11990356445312,149.16000366210938,149.16000366210938,13828
2024-04-22 11:30:00-04:00,149.17999267578125,149.22999572753906,149.1199951171875,149.1300048828125,149.1300048828125,21129
2024-04-22 11:31:00-04:00,149.14999389648438,149.1699981689453,149.1199951171875,149.1405029296875,149.1405029296875,8801
2024-04-22 11:32:00-04:00,149.14739990234375,149.14999389648438,149.0500030517578,149.0800018310547,149.0800018310547,15359
2024-04-22 11:33:00-04:00,149.05999755859375,149.0800018310547,149.03500366210938,149.0399932861328,149.0399932861328,12106
2024-04-22 11:34:00-04:00,149.0500030517578,149.08999633789062,149.0399932861328,149.08999633789062,149.08999633789062,13813
2024-04-22 11:35:00-04:00,149.0800018310547,149.11000061035156,149.07000732421875,149.10000610351562,149.10000610351562,7416
2024-04-22 11:36:00-04:00,149.10000610351562,149.19000244140625,149.08999633789062,149.1649932861328,149.1649932861328,14768
2024-04-22 11:37:00-04:00,149.17999267578125,149.2100067138672,149.17999267578125,149.18499755859375,149.18499755859375,4141
2024-04-22 11:38:00-04:00,149.19000244140625,149.19000244140625,149.05999755859375,149.05999755859375,149.05999755859375,21939
2024-04-22 11:39:00-04:00,149.05999755859375,149.07000732421875,148.94000244140625,148.9600067138672,148.9600067138672,8060
2024-04-22 11:40:00-04:00,148.94000244140625,148.97000122070312,148.84500122070312,148.84500122070312,148.84500122070312,8211
2024-04-22 11:41:00-04:00,148.8300018310547,148.8699951171875,148.8175048828125,148.8300018310547,148.8300018310547,12343
2024-04-22 11:42:00-04:00,148.8300018310547,148.84500122070312,148.8000030517578,148.83999633789062,148.83999633789062,9582
2024-04-22 11:43:00-04:00,148.8300018310547,148.8300018310547,148.77999877929688,148.82000732421875,148.82000732421875,6772
2024-04-22 11:44:00-04:00,148.80999755859375,148.99000549316406,148.80999755859375,148.9499969482422,148.9499969482422,24616
2024-04-22 11:45:00-04:00,148.9600067138672,148.9600067138672,148.9199981689453,148.94000244140625,148.94000244140625,11207
2024-04-22 11:46:00-04:00,148.9499969482422,148.97000122070312,148.89999389648438,148.89999389648438,148.89999389648438,8079
2024-04-22 11:47:00-04:00,148.88999938964844,148.9499969482422,148.88999938964844,148.94000244140625,148.94000244140625,8475
2024-04-22 11:48:00-04:00,148.9499969482422,149.0399932861328,148.9499969482422,149.02999877929688,149.02999877929688,13075
2024-04-22 11:49:00-04:00,149.02999877929688,149.0500030517578,149.0,149.02999877929688,149.02999877929688,10465
2024-04-22 11:50:00-04:00,149.0399932861328,149.0500030517578,148.99000549316406,149.0,149.0,9979
2024-04-22 11:51:00-04:00,149.0,149.0800018310547,148.9949951171875,149.07000732421875,149.07000732421875,12064
2024-04-22 11:52:00-04:00,149.0800018310547,149.10000610351562,149.05999755859375,149.05999755859375,149.05999755859375,12689
2024-04-22 11:53:00-04:00,149.05999755859375,149.125,149.0449981689453,149.125,149.125,7124
2024-04-22 11:54:00-04:00,149.1300048828125,149.19000244140625,149.1300048828125,149.1699981689453,149.1699981689453,25011
2024-04-22 11:55:00-04:00,149.19000244140625,149.24000549316406,149.19000244140625,149.1999969482422,149.1999969482422,12066
2024-04-22 11:56:00-04:00,149.2100067138672,149.2899932861328,149.2100067138672,149.2700958251953,149.2700958251953,11130
2024-04-22 11:57:00-04:00,149.2899932861328,149.35000610351562,149.27999877929688,149.3249969482422,149.3249969482422,10401
2024-04-22 11:58:00-04:00,149.32000732421875,149.32130432128906,149.1699981689453,149.1699981689453,149.1699981689453,12359
2024-04-22 11:59:00-04:00,149.19000244140625,149.22999572753906,149.1699981689453,149.1699981689453,149.1699981689453,9223
2024-04-22 12:00:00-04:00,149.19000244140625,149.26499938964844,149.17999267578125,149.25999450683594,149.25999450683594,13594
2024-04-22 12:01:00-04:00,149.25999450683594,149.27999877929688,149.24000549316406,149.25,149.25,16897
2024-04-22 12:02:00-04:00,149.24000549316406,149.3000030517578,149.16000366210938,149.3000030517578,149.3000030517578,13781
2024-04-22 12:03:00-04:00,149.30999755859375,149.30999755859375,149.25999450683594,149.30999755859375,149.30999755859375,13641
2024-04-22 12:04:00-04:00,149.30999755859375,149.36000061035156,149.30909729003906,149.32000732421875,149.32000732421875,8995
2024-04-22 12:05:00-04:00,149.31500244140625,149.39999389648438,149.3101043701172,149.36000061035156,149.36000061035156,11885
2024-04-22 12:06:00-04:00,149.360107421875,149.3800048828125,149.3000030517578,149.32000732421875,149.32000732421875,6999
2024-04-22 12:07:00-04:00,149.3300018310547,149.35000610351562,149.32000732421875,149.32000732421875,149.32000732421875,7057
2024-04-22 12:08:00-04:00,149.32000732421875,149.39999389648438,149.3000030517578,149.39999389648438,149.39999389648438,12182
2024-04-22 12:09:00-04:00,149.39999389648438,149.39999389648438,149.33999633789062,149.3800048828125,149.3800048828125,11092
2024-04-22 12:10:00-04:00,149.3800048828125,149.38999938964844,149.3300018310547,149.3300018310547,149.3300018310547,13659
2024-04-22 12:11:00-04:00,149.35000610351562,149.38999938964844,149.3300018310547,149.33999633789062,149.33999633789062,26835
2024-04-22 12:12:00-04:00,149.33999633789062,149.39999389648438,149.30999755859375,149.33999633789062,149.33999633789062,25870
2024-04-22 12:13:00-04:00,149.36000061035156,149.36000061035156,149.30999755859375,149.32960510253906,149.32960510253906,8214
2024-04-22 12:14:00-04:00,149.33999633789062,149.33999633789062,149.27999877929688,149.27999877929688,149.27999877929688,12915
2024-04-22 12:15:00-04:00,149.27999877929688,149.32000732421875,149.22000122070312,149.32000732421875,149.32000732421875,16717
2024-04-22 12:16:00-04:00,149.3300018310547,149.36000061035156,149.3000030517578,149.30999755859375,149.30999755859375,12721
2024-04-22 12:17:00-04:00,149.31500244140625,149.35499572753906,149.3000030517578,149.35499572753906,149.35499572753906,15679
2024-04-22 12:18:00-04:00,149.36000061035156,149.36500549316406,149.2899932861328,149.3000030517578,149.3000030517578,11035
2024-04-22 12:19:00-04:00,149.30999755859375,149.3800048828125,149.3000030517578,149.3300018310547,149.3300018310547,23943
2024-04-22 12:20:00-04:00,149.32000732421875,149.3300018310547,149.25,149.27000427246094,149.27000427246094,36072
2024-04-22 12:21:00-04:00,149.27999877929688,149.30999755859375,149.25999450683594,149.2899932861328,149.2899932861328,10004
2024-04-22 12:22:00-04:00,149.2899932861328,149.35000610351562,149.27000427246094,149.32000732421875,149.32000732421875,20070
2024-04-22 12:23:00-04:00,149.35000610351562,149.3800048828125,149.32000732421875,149.32000732421875,149.32000732421875,10929
2024-04-22 12:24:00-04:00,149.3300018310547,149.3300018310547,149.27999877929688,149.30999755859375,149.30999755859375,7424
2024-04-22 12:25:00-04:00,149.30999755859375,149.30999755859375,149.27000427246094,149.27999877929688,149.27999877929688,8160
2024-04-22 12:26:00-04:00,149.2899932861328,149.2899932861328,149.22999572753906,149.231201171875,149.231201171875,7619
2024-04-22 12:27:00-04:00,149.22999572753906,149.26499938964844,149.1999969482422,149.22999572753906,149.22999572753906,7854
2024-04-22 12:28:00-04:00,149.21510314941406,149.22999572753906,149.1999969482422,149.22999572753906,149.22999572753906,16449
2024-04-22 12:29:00-04:00,149.22999572753906,149.22999572753906,149.1999969482422,149.22000122070312,149.22000122070312,17453
2024-04-22 12:30:00-04:00,149.22000122070312,149.3000030517578,149.22000122070312,149.25,149.25,20102
2024-04-22 12:31:00-04:00,149.25999450683594,149.26499938964844,149.22000122070312,149.25999450683594,149.25999450683594,8490
2024-04-22 12:32:00-04:00,149.25,149.2899932861328,149.22999572753906,149.2899932861328,149.2899932861328,10746
2024-04-22 12:33:00-04:00,149.27999877929688,149.27999877929688,149.1999969482422,149.2100067138672,149.2100067138672,11339
2024-04-22 12:34:00-04:00,149.2050018310547,149.25,149.19000244140625,149.25,149.25,13246
2024-04-22 12:35:00-04:00,149.25999450683594,149.32000732421875,149.25999450683594,149.32000732421875,149.32000732421875,11731
2024-04-22 12:36:00-04:00,149.31500244140625,149.38999938964844,149.3000030517578,149.32000732421875,149.32000732421875,27674
2024-04-22 12:37:00-04:00,149.3300018310547,149.3800048828125,149.32000732421875,149.3800048828125,149.3800048828125,9187
2024-04-22 12:38:00-04:00,149.38499450683594,149.44000244140625,149.3800048828125,149.40499877929688,149.40499877929688,19253
2024-04-22 12:39:00-04:00,149.39999389648438,149.4199981689453,149.3675994873047,149.3800048828125,149.3800048828125,11880
2024-04-22 12:40:00-04:00,149.3800048828125,149.42999267578125,149.3699951171875,149.38999938964844,149.38999938964844,11973
2024-04-22 12:41:00-04:00,149.39999389648438,149.4199981689453,149.3699951171875,149.3699951171875,149.3699951171875,9241
2024-04-22 12:42:00-04:00,149.36000061035156,149.4600067138672,149.3300018310547,149.44000244140625,149.44000244140625,27954
2024-04-22 12:43:00-04:00,149.4199981689453,149.4199981689453,149.3975067138672,149.4001007080078,149.4001007080078,13611
2024-04-22 12:44:00-04:00,149.40330505371094,149.4499969482422,149.38999938964844,149.44000244140625,149.44000244140625,10616
2024-04-22 12:45:00-04:00,149.4499969482422,149.52000427246094,149.4499969482422,149.46499633789062,149.46499633789062,11021
2024-04-22 12:46:00-04:00,149.47000122070312,149.50999450683594,149.47000122070312,149.47999572753906,149.47999572753906,9021
2024-04-22 12:47:00-04:00,149.44000244140625,149.52999877929688,149.44000244140625,149.50999450683594,149.50999450683594,7575
2024-04-22 12:48:00-04:00,149.50999450683594,149.57000732421875,149.5,149.55999755859375,149.55999755859375,14612
2024-04-22 12:49:00-04:00,149.55999755859375,149.57000732421875,149.49000549316406,149.57000732421875,149.57000732421875,12255
2024-04-22 12:50:00-04:00,149.5800018310547,149.63999938964844,149.5800018310547,149.59500122070312,149.59500122070312,8811
2024-04-22 12:51:00-04:00,149.58999633789062,149.6300048828125,149.55999755859375,149.61000061035156,149.61000061035156,13135
2024-04-22 12:52:00-04:00,149.60000610351562,149.61000061035156,149.57000732421875,149.61000061035156,149.61000061035156,8246
2024-04-22 12:53:00-04:00,149.60000610351562,149.60000610351562,149.57000732421875,149.5800018310547,149.5800018310547,10294
2024-04-22 12:54:00-04:00,149.5800018310547,149.61000061035156,149.5800018310547,149.58999633789062,149.58999633789062,15558
2024-04-22 12:55:00-04:00,149.5800018310547,149.6199951171875,149.5500030517578,149.6199951171875,149.6199951171875,22871
2024-04-22 12:56:00-04:00,149.61500549316406,149.64999389648438,149.55999755859375,149.62469482421875,149.62469482421875,19934
2024-04-22 12:57:00-04:00,149.6300048828125,149.72999572753906,149.6199951171875,149.7100067138672,149.7100067138672,23624
2024-04-22 12:58:00-04:00,149.7100067138672,149.7899932861328,149.7100067138672,149.71499633789062,149.71499633789062,10569
2024-04-22 12:59:00-04:00,149.6999969482422,149.75999450683594,149.69000244140625,149.73289489746094,149.73289489746094,23421
2024-04-22 13:00:00-04:00,149.72000122070312,149.72999572753906,149.69000244140625,149.6999969482422,149.6999969482422,8292
2024-04-22 13:01:00-04:00,149.6999969482422,149.74000549316406,149.69000244140625,149.6999969482422,149.6999969482422,8382
2024-04-22 13:02:00-04:00,149.6999969482422,149.6999969482422,149.6699981689453,149.68499755859375,149.68499755859375,6364
2024-04-22 13:03:00-04:00,149.67999267578125,149.75,149.66000366210938,149.7100067138672,149.7100067138672,25103
2024-04-22 13:04:00-04:00,149.72000122070312,149.74000549316406,149.69000244140625,149.74000549316406,149.74000549316406,8361
2024-04-22 13:05:00-04:00,149.72500610351562,149.76499938964844,149.7100067138672,149.76499938964844,149.76499938964844,6011
2024-04-22 13:06:00-04:00,149.75999450683594,149.77000427246094,149.7100067138672,149.72000122070312,149.72000122070312,8131
2024-04-22 13:07:00-04:00,149.72000122070312,149.74000549316406,149.69000244140625,149.72000122070312,149.72000122070312,8492
2024-04-22 13:08:00-04:00,149.72000122070312,149.72000122070312,149.66000366210938,149.6699981689453,149.6699981689453,11324
2024-04-22 13:09:00-04:00,149.6699981689453,149.6999969482422,149.6699981689453,149.67999267578125,149.67999267578125,11958
2024-04-22 13:10:00-04:00,149.67999267578125,149.69000244140625,149.64999389648438,149.64999389648438,149.64999389648438,7260
2024-04-22 13:12:00-04:00,149.5800018310547,149.5800018310547,149.5399932861328,149.5399932861328,149.5399932861328,24505
2024-04-22 13:13:00-04:00,149.5399932861328,149.57000732421875,149.5399932861328,149.5399932861328,149.5399932861328,10828
2024-04-22 13:14:00-04:00,149.5500030517578,149.58999633789062,149.5500030517578,149.5800018310547,149.5800018310547,13857
2024-04-22 13:15:00-04:00,149.58999633789062,149.64999389648438,149.5800018310547,149.64999389648438,149.64999389648438,16327
2024-04-22 13:16:00-04:00,149.66000366210938,149.6649932861328,149.63999938964844,149.64999389648438,149.64999389648438,11920
2024-04-22 13:17:00-04:00,149.64999389648438,149.64999389648438,149.55560302734375,149.60000610351562,149.60000610351562,11649
2024-04-22 13:18:00-04:00,149.59500122070312,149.61000061035156,149.5800018310547,149.60000610351562,149.60000610351562,8773
2024-04-22 13:19:00-04:00,149.60000610351562,149.6300048828125,149.5800018310547,149.6300048828125,149.6300048828125,9652
2024-04-22 13:20:00-04:00,149.63499450683594,149.6699981689453,149.6300048828125,149.66000366210938,149.66000366210938,9923
2024-04-22 13:21:00-04:00,149.63999938964844,149.6699981689453,149.625,149.625,149.625,10060
2024-04-22 13:22:00-04:00,149.63999938964844,149.63999938964844,149.52999877929688,149.55999755859375,149.55999755859375,14521
2024-04-22 13:23:00-04:00,149.55999755859375,149.5850067138672,149.5399932861328,149.55999755859375,149.55999755859375,10068
2024-04-22 13:24:00-04:00,149.56500244140625,149.66000366210938,149.55999755859375,149.63999938964844,149.63999938964844,15108
2024-04-22 13:25:00-04:00,149.6300048828125,149.6999969482422,149.62010192871094,149.69000244140625,149.69000244140625,12448
2024-04-22 13:26:00-04:00,149.6999969482422,149.72999572753906,149.69000244140625,149.72000122070312,149.72000122070312,6569
2024-04-22 13:27:00-04:00,149.72999572753906,149.76499938964844,149.67999267578125,149.69000244140625,149.69000244140625,13050
2024-04-22 13:28:00-04:00,149.69000244140625,149.6999969482422,149.64999389648438,149.67999267578125,149.67999267578125,12580
2024-04-22 13:29:00-04:00,149.68490600585938,149.74000549316406,149.66000366210938,149.72000122070312,149.72000122070312,27887
2024-04-22 13:30:00-04:00,149.72999572753906,149.74000549316406,149.6699981689453,149.7100067138672,149.7100067138672,18754
2024-04-22 13:31:00-04:00,149.72000122070312,149.72999572753906,149.57000732421875,149.57000732421875,149.57000732421875,13023
2024-04-22 13:32:00-04:00,149.57000732421875,149.6300048828125,149.53500366210938,149.6300048828125,149.6300048828125,22295
2024-04-22 13:33:00-04:00,149.63499450683594,149.69000244140625,149.6199951171875,149.68499755859375,149.68499755859375,19556
2024-04-22 13:34:00-04:00,149.67999267578125,149.67999267578125,149.64999389648438,149.66000366210938,149.66000366210938,10659
2024-04-22 13:35:00-04:00,149.6699981689453,149.72000122070312,149.63999938964844,149.7100067138672,149.7100067138672,13325
2024-04-22 13:36:00-04:00,149.7050018310547,149.7100067138672,149.67999267578125,149.69000244140625,149.69000244140625,14552
2024-04-22 13:37:00-04:00,149.67999267578125,149.6999969482422,149.6699981689453,149.69000244140625,149.69000244140625,8640
2024-04-22 13:38:00-04:00,149.69180297851562,149.6999969482422,149.61000061035156,149.67999267578125,149.67999267578125,12394
2024-04-22 13:39:00-04:00,149.67999267578125,149.69149780273438,149.6649932861328,149.6699981689453,149.6699981689453,8938
2024-04-22 13:40:00-04:00,149.6699981689453,149.69500732421875,149.6699981689453,149.69000244140625,149.69000244140625,9214
2024-04-22 13:41:00-04:00,149.6999969482422,149.72000122070312,149.67999267578125,149.67999267578125,149.67999267578125,14350
2024-04-22 13:42:00-04:00,149.69000244140625,149.71499633789062,149.6699981689453,149.6999969482422,149.6999969482422,17566
2024-04-22 13:43:00-04:00,149.7100067138672,149.7100067138672,149.66000366210938,149.67999267578125,149.67999267578125,6806
2024-04-22 13:44:00-04:00,149.69000244140625,149.7100067138672,149.6699981689453,149.67999267578125,149.67999267578125,10685
2024-04-22 13:45:00-04:00,149.67999267578125,149.7449951171875,149.67999267578125,149.7100067138672,149.7100067138672,10945
2024-04-22 13:46:00-04:00,149.69000244140625,149.74000549316406,149.67999267578125,149.72979736328125,149.72979736328125,8448
2024-04-22 13:47:00-04:00,149.72999572753906,149.75999450683594,149.6999969482422,149.75999450683594,149.75999450683594,8619
2024-04-22 13:48:00-04:00,149.7550048828125,149.80999755859375,149.72500610351562,149.72999572753906,149.72999572753906,14049
2024-04-22 13:49:00-04:00,149.72999572753906,149.80999755859375,149.72999572753906,149.7899932861328,149.7899932861328,14059
2024-04-22 13:50:00-04:00,149.8000030517578,149.86000061035156,149.8000030517578,149.83999633789062,149.83999633789062,11671
2024-04-22 13:51:00-04:00,149.85000610351562,149.89999389648438,149.85000610351562,149.88999938964844,149.88999938964844,10968
2024-04-22 13:52:00-04:00,149.89979553222656,150.00999450683594,149.8800048828125,149.9600067138672,149.9600067138672,55507
2024-04-22 13:53:00-04:00,149.951904296875,149.97999572753906,149.94000244140625,149.9499969482422,149.9499969482422,8192
2024-04-22 13:54:00-04:00,149.9499969482422,150.0,149.9499969482422,149.97999572753906,149.97999572753906,11522
2024-04-22 13:55:00-04:00,149.99000549316406,150.0,149.92999267578125,149.92999267578125,149.92999267578125,17350
2024-04-22 13:56:00-04:00,149.91000366210938,149.99000549316406,149.8800048828125,149.99000549316406,149.99000549316406,23129
2024-04-22 13:57:00-04:00,149.99000549316406,150.02999877929688,149.97999572753906,150.0211944580078,150.0211944580078,12114
2024-04-22 13:58:00-04:00,150.02000427246094,150.03529357910156,150.0,150.01499938964844,150.01499938964844,13870
2024-04-22 13:59:00-04:00,150.0050048828125,150.0225067138672,149.99000549316406,150.00999450683594,150.00999450683594,20746
2024-04-22 14:00:00-04:00,150.00999450683594,150.05999755859375,150.00999450683594,150.0500030517578,150.0500030517578,13084
2024-04-22 14:01:00-04:00,150.0500946044922,150.05999755859375,150.02999877929688,150.03500366210938,150.03500366210938,13089
2024-04-22 14:02:00-04:00,150.0399932861328,150.0749969482422,150.00999450683594,150.02000427246094,150.02000427246094,13674
2024-04-22 14:03:00-04:00,150.02999877929688,150.02999877929688,149.97000122070312,149.97999572753906,149.97999572753906,21829
2024-04-22 14:04:00-04:00,149.98330688476562,150.03500366210938,149.97999572753906,150.02000427246094,150.02000427246094,16644
2024-04-22 14:05:00-04:00,150.00999450683594,150.05999755859375,150.00999450683594,150.0399932861328,150.0399932861328,15290
2024-04-22 14:06:00-04:00,150.02000427246094,150.02999877929688,149.9499969482422,149.98500061035156,149.98500061035156,16659
2024-04-22 14:07:00-04:00,149.99000549316406,150.02999877929688,149.99000549316406,150.01499938964844,150.01499938964844,11832
2024-04-22 14:08:00-04:00,150.02000427246094,150.02999877929688,149.99000549316406,150.02000427246094,150.02000427246094,14856
2024-04-22 14:09:00-04:00,150.0167999267578,150.02000427246094,150.0,150.00010681152344,150.00010681152344,6958
2024-04-22 14:10:00-04:00,150.00999450683594,150.00999450683594,149.97000122070312,149.99000549316406,149.99000549316406,22442
2024-04-22 14:11:00-04:00,150.0,150.0,149.93499755859375,149.94500732421875,149.94500732421875,25495
2024-04-22 14:12:00-04:00,149.9550018310547,150.0500030517578,149.9499969482422,150.02000427246094,150.02000427246094,14044
2024-04-22 14:13:00-04:00,150.00999450683594,150.0709991455078,150.00999450683594,150.0500030517578,150.0500030517578,13287
2024-04-22 14:14:00-04:00,150.0449981689453,150.05999755859375,149.99000549316406,150.02999877929688,150.02999877929688,23755
2024-04-22 14:15:00-04:00,150.02000427246094,150.0749969482422,150.0,150.05999755859375,150.05999755859375,14428
2024-04-22 14:16:00-04:00,150.07000732421875,150.1300048828125,150.05999755859375,150.1199951171875,150.1199951171875,17790
2024-04-22 14:17:00-04:00,150.1300048828125,150.1699981689453,150.1300048828125,150.14999389648438,150.14999389648438,14832
2024-04-22 14:18:00-04:00,150.1300048828125,150.17999267578125,150.10499572753906,150.17999267578125,150.17999267578125,27906
2024-04-22 14:19:00-04:00,150.1699981689453,150.1699981689453,150.1300048828125,150.14999389648438,150.14999389648438,17609
2024-04-22 14:20:00-04:00,150.125,150.2100067138672,150.1199951171875,150.2100067138672,150.2100067138672,23444
2024-04-22 14:21:00-04:00,150.19500732421875,150.2100067138672,150.15260314941406,150.19000244140625,150.19000244140625,21372
2024-04-22 14:22:00-04:00,150.17999267578125,150.19000244140625,150.1199951171875,150.14999389648438,150.14999389648438,38664
2024-04-22 14:23:00-04:00,150.1699981689453,150.19000244140625,150.14500427246094,150.14999389648438,150.14999389648438,15101
2024-04-22 14:24:00-04:00,150.15899658203125,150.27000427246094,150.15899658203125,150.1999969482422,150.1999969482422,37610
2024-04-22 14:25:00-04:00,150.1999969482422,150.1999969482422,150.07000732421875,150.10000610351562,150.10000610351562,21790
2024-04-22 14:26:00-04:00,150.1199951171875,150.13999938964844,150.05999755859375,150.05999755859375,150.05999755859375,28294
2024-04-22 14:27:00-04:00,150.05999755859375,150.1199951171875,150.00999450683594,150.00999450683594,150.00999450683594,22022
2024-04-22 14:28:00-04:00,150.02000427246094,150.0449981689453,149.97999572753906,150.01499938964844,150.01499938964844,33977
2024-04-22 14:29:00-04:00,150.00999450683594,150.02000427246094,149.97000122070312,149.97999572753906,149.97999572753906,11801
2024-04-22 14:30:00-04:00,149.97999572753906,150.01499938964844,149.94000244140625,149.9499969482422,149.9499969482422,19347
2024-04-22 14:31:00-04:00,149.9550018310547,150.02999877929688,149.9550018310547,150.02999877929688,150.02999877929688,15176
2024-04-22 14:32:00-04:00,150.02999877929688,150.11000061035156,150.02000427246094,150.11000061035156,150.11000061035156,17654
2024-04-22 14:33:00-04:00,150.11000061035156,150.11000061035156,150.0399932861328,150.0399932861328,150.0399932861328,16936
2024-04-22 14:34:00-04:00,150.0399932861328,150.0500030517578,149.95010375976562,149.96499633789062,149.96499633789062,24331
2024-04-22 14:35:00-04:00,149.9600067138672,150.0,149.9600067138672,150.0,150.0,11739
2024-04-22 14:36:00-04:00,150.0,150.10000610351562,150.0,150.08999633789062,150.08999633789062,64275
2024-04-22 14:37:00-04:00,150.08999633789062,150.11000061035156,150.0399932861328,150.0399932861328,150.0399932861328,40755
2024-04-22 14:38:00-04:00,150.02000427246094,150.02999877929688,150.00999450683594,150.02499389648438,150.02499389648438,8582
2024-04-22 14:39:00-04:00,150.02000427246094,150.0500030517578,149.9600067138672,150.0,150.0,18647
2024-04-22 14:40:00-04:00,150.0,150.0,149.89999389648438,149.89999389648438,149.89999389648438,7518
2024-04-22 14:41:00-04:00,149.89999389648438,149.9499969482422,149.88999938964844,149.88999938964844,149.88999938964844,22606
2024-04-22 14:42:00-04:00,149.88999938964844,149.9248046875,149.875,149.9248046875,149.9248046875,13733
2024-04-22 14:43:00-04:00,149.92999267578125,149.94000244140625,149.83999633789062,149.8800048828125,149.8800048828125,52382
2024-04-22 14:44:00-04:00,149.88999938964844,149.91000366210938,149.86019897460938,149.90499877929688,149.90499877929688,14072
2024-04-22 14:45:00-04:00,149.89999389648438,149.89999389648438,149.83999633789062,149.86000061035156,149.86000061035156,18158
2024-04-22 14:46:00-04:00,149.85000610351562,149.8699951171875,149.74000549316406,149.75,149.75,18986
2024-04-22 14:47:00-04:00,149.75,149.83999633789062,149.75,149.80999755859375,149.80999755859375,20438
2024-04-22 14:48:00-04:00,149.8000030517578,149.86000061035156,149.8000030517578,149.8253936767578,149.8253936767578,26875
2024-04-22 14:49:00-04:00,149.83999633789062,149.88999938964844,149.83999633789062,149.8800048828125,149.8800048828125,24384
2024-04-22 14:50:00-04:00,149.8800048828125,149.9199981689453,149.8699951171875,149.91000366210938,149.91000366210938,14304
2024-04-22 14:51:00-04:00,149.91000366210938,149.92999267578125,149.86000061035156,149.87249755859375,149.87249755859375,18846
2024-04-22 14:52:00-04:00,149.86790466308594,149.8699951171875,149.83999633789062,149.86000061035156,149.86000061035156,10227
2024-04-22 14:53:00-04:00,149.85000610351562,149.88999938964844,149.81500244140625,149.82000732421875,149.82000732421875,22315
2024-04-22 14:54:00-04:00,149.82000732421875,149.85000610351562,149.7899932861328,149.8300018310547,149.8300018310547,20712
2024-04-22 14:55:00-04:00,149.82000732421875,149.82000732421875,149.75999450683594,149.77000427246094,149.77000427246094,10601
2024-04-22 14:56:00-04:00,149.76499938964844,149.8679962158203,149.75999450683594,149.83999633789062,149.83999633789062,34356
2024-04-22 14:57:00-04:00,149.82000732421875,149.8350067138672,149.77000427246094,149.82000732421875,149.82000732421875,10301
2024-04-22 14:58:00-04:00,149.82000732421875,149.8300018310547,149.8000030517578,149.8300018310547,149.8300018310547,8602
2024-04-22 14:59:00-04:00,149.83999633789062,149.83999633789062,149.77999877929688,149.8249969482422,149.8249969482422,16812
2024-04-22 15:00:00-04:00,149.82000732421875,149.8249969482422,149.7100067138672,149.7100067138672,149.7100067138672,18786
2024-04-22 15:01:00-04:00,149.7100067138672,149.8000030517578,149.7100067138672,149.76499938964844,149.76499938964844,31365
2024-04-22 15:02:00-04:00,149.77000427246094,149.8300018310547,149.6999969482422,149.7050018310547,149.7050018310547,55874
2024-04-22 15:03:00-04:00,149.7050018310547,149.71249389648438,149.6199951171875,149.6199951171875,149.6199951171875,9948
2024-04-22 15:04:00-04:00,149.6199951171875,149.6300048828125,149.49000549316406,149.5,149.5,19782
2024-04-22 15:05:00-04:00,149.49249267578125,149.49249267578125,149.39999389648438,149.39999389648438,149.39999389648438,7721
2024-04-22 15:06:00-04:00,149.38999938964844,149.41000366210938,149.30999755859375,149.35499572753906,149.35499572753906,33963
2024-04-22 15:07:00-04:00,149.33999633789062,149.35000610351562,149.3000030517578,149.30999755859375,149.30999755859375,6116
2024-04-22 15:08:00-04:00,149.30999755859375,149.3800048828125,149.3000030517578,149.32000732421875,149.32000732421875,17215
2024-04-22 15:09:00-04:00,149.3300018310547,149.35000610351562,149.2899932861328,149.3000030517578,149.3000030517578,16656
2024-04-22 15:10:00-04:00,149.3000030517578,149.3300018310547,149.24200439453125,149.24200439453125,149.24200439453125,11201
2024-04-22 15:11:00-04:00,149.25999450683594,149.25999450683594,149.1999969482422,149.25,149.25,15599
2024-04-22 15:12:00-04:00,149.24000549316406,149.24000549316406,149.19000244140625,149.19000244140625,149.19000244140625,6729
2024-04-22 15:13:00-04:00,149.19000244140625,149.1999053955078,149.11000061035156,149.1800994873047,149.1800994873047,14401
2024-04-22 15:14:00-04:00,149.18499755859375,149.2100067138672,149.14999389648438,149.18499755859375,149.18499755859375,19064
2024-04-22 15:15:00-04:00,149.19000244140625,149.2332000732422,149.19000244140625,149.22999572753906,149.22999572753906,10967
2024-04-22 15:16:00-04:00,149.22999572753906,149.27000427246094,149.21310424804688,149.27000427246094,149.27000427246094,14398
2024-04-22 15:17:00-04:00,149.25999450683594,149.25999450683594,149.2100067138672,149.23500061035156,149.23500061035156,11739
2024-04-22 15:18:00-04:00,149.22999572753906,149.2418975830078,149.2100067138672,149.22000122070312,149.22000122070312,11162
2024-04-22 15:19:00-04:00,149.2100067138672,149.22999572753906,149.1999969482422,149.2050018310547,149.2050018310547,12191
2024-04-22 15:20:00-04:00,149.2050018310547,149.24000549316406,149.13999938964844,149.14999389648438,149.14999389648438,19542
2024-04-22 15:21:00-04:00,149.14999389648438,149.15089416503906,149.10000610351562,149.10000610351562,149.10000610351562,19972
2024-04-22 15:22:00-04:00,149.0966033935547,149.0966033935547,149.02999877929688,149.0500030517578,149.0500030517578,12802
2024-04-22 15:23:00-04:00,149.0399932861328,149.0500030517578,148.97999572753906,149.02000427246094,149.02000427246094,35589
2024-04-22 15:24:00-04:00,149.02999877929688,149.07000732421875,149.02749633789062,149.05999755859375,149.05999755859375,16238
2024-04-22 15:25:00-04:00,149.0500030517578,149.05999755859375,148.97999572753906,149.0,149.0,13476
2024-04-22 15:26:00-04:00,148.99000549316406,148.9949951171875,148.9199981689453,148.93499755859375,148.93499755859375,15423
2024-04-22 15:27:00-04:00,148.93499755859375,149.0,148.93499755859375,149.0,149.0,14873
2024-04-22 15:28:00-04:00,148.97999572753906,149.0800018310547,148.97999572753906,149.05999755859375,149.05999755859375,23419
2024-04-22 15:29:00-04:00,149.05999755859375,149.08999633789062,149.0500030517578,149.07000732421875,149.07000732421875,9365
2024-04-22 15:30:00-04:00,149.05999755859375,149.07000732421875,149.02000427246094,149.0399932861328,149.0399932861328,25509
2024-04-22 15:31:00-04:00,149.05999755859375,149.0800018310547,149.0500030517578,149.05499267578125,149.05499267578125,13172
2024-04-22 15:32:00-04:00,149.05499267578125,149.05499267578125,149.02000427246094,149.0399932861328,149.0399932861328,13307
2024-04-22 15:33:00-04:00,149.0449981689453,149.0449981689453,148.97000122070312,148.97999572753906,148.97999572753906,15196
2024-04-22 15:34:00-04:00,148.9700927734375,148.99000549316406,148.80999755859375,148.80999755859375,148.80999755859375,22005
2024-04-22 15:35:00-04:00,148.82000732421875,148.8300018310547,148.6699981689453,148.7100067138672,148.7100067138672,15808
2024-04-22 15:36:00-04:00,148.7100067138672,148.8249969482422,148.7100067138672,148.8000030517578,148.8000030517578,21136
2024-04-22 15:37:00-04:00,148.80999755859375,148.8699951171875,148.8000030517578,148.86500549316406,148.86500549316406,14469
2024-04-22 15:38:00-04:00,148.86500549316406,148.8800048828125,148.85499572753906,148.8699951171875,148.8699951171875,10820
2024-04-22 15:39:00-04:00,148.86000061035156,148.89990234375,148.83999633789062,148.8699951171875,148.8699951171875,23041
2024-04-22 15:40:00-04:00,148.8699951171875,148.8699951171875,148.74000549316406,148.74000549316406,148.74000549316406,23065
2024-04-22 15:41:00-04:00,148.72999572753906,148.86900329589844,148.72999572753906,148.86000061035156,148.86000061035156,21660
2024-04-22 15:42:00-04:00,148.86000061035156,148.86500549316406,148.73500061035156,148.73500061035156,148.73500061035156,18559
2024-04-22 15:43:00-04:00,148.72999572753906,148.77000427246094,148.69000244140625,148.69000244140625,148.69000244140625,25732
2024-04-22 15:44:00-04:00,148.6999969482422,148.77999877929688,148.69000244140625,148.77000427246094,148.77000427246094,22588
2024-04-22 15:45:00-04:00,148.75999450683594,148.85000610351562,148.74169921875,148.85000610351562,148.85000610351562,33501
2024-04-22 15:46:00-04:00,148.83999633789062,148.83999633789062,148.74000549316406,148.82000732421875,148.82000732421875,33012
2024-04-22 15:47:00-04:00,148.82000732421875,148.9149932861328,148.82000732421875,148.91000366210938,148.91000366210938,25883
2024-04-22 15:48:00-04:00,148.91000366210938,148.9550018310547,148.89999389648438,148.94349670410156,148.94349670410156,28407
2024-04-22 15:49:00-04:00,148.94500732421875,148.9550018310547,148.9250030517578,148.94500732421875,148.94500732421875,21853
2024-04-22 15:50:00-04:00,148.94500732421875,148.94500732421875,148.75999450683594,148.75999450683594,148.75999450683594,47609
2024-04-22 15:51:00-04:00,148.77000427246094,148.86500549316406,148.77000427246094,148.8300018310547,148.8300018310547,36833
2024-04-22 15:52:00-04:00,148.82000732421875,148.82000732421875,148.75999450683594,148.77000427246094,148.77000427246094,42788
2024-04-22 15:53:00-04:00,148.77000427246094,148.77000427246094,148.6699981689453,148.6999969482422,148.6999969482422,35245
2024-04-22 15:54:00-04:00,148.69000244140625,148.8000030517578,148.66000366210938,148.8000030517578,148.8000030517578,40008
2024-04-22 15:55:00-04:00,148.80999755859375,148.80999755859375,148.69000244140625,148.72999572753906,148.72999572753906,69126
2024-04-22 15:56:00-04:00,148.72999572753906,148.82000732421875,148.72999572753906,148.79119873046875,148.79119873046875,69893
2024-04-22 15:57:00-04:00,148.8000030517578,148.8300018310547,148.77499389648438,148.80499267578125,148.80499267578125,71113
2024-04-22 15:58:00-04:00,148.8000030517578,148.80999755859375,148.6699981689453,148.74000549316406,148.74000549316406,89257
2024-04-22 15:59:00-04:00,148.74000549316406,149.1199951171875,148.74000549316406,149.1199951171875,149.1199951171875,352298
